题干,选项A,选项B,选项C,选项D,正确选项,解析,难度,来源,来源说明,内容状态,校审状态,校审备注,题目ID
但也有少数意志薄弱的……逐步上当，终至堕入______。★《上饶集中营·炼狱杂记》,阿鼻地狱,爱惜羽毛,把素持斋,抱残守阙,A,释义：阿鼻梵语的译音，意译为无间”，即痛苦无有间断之意。常用来比喻黑暗的社会和严酷的牢狱。又比喻无法摆脱的极其痛苦的境地。。原始资料成语：阿鼻地狱。,进阶,开源成语资料改编原创训练题,https://github.com/crazywhalecc/idiom-database/blob/master/data/idiom.json；依据原始释义和例句改编，非官方真题,curated,自动二审通过，待人工终审,自动二审仅覆盖字段、重复项和选项唯一性；请人工核对语义、例句和干扰项。,question-001
既然如此，你我两个，便学个不痴不聋的______。★《儿女英雄传》二三回,暧昧不明,阿姑阿翁,罢黜百家,抱成一团,B,释义：阿名词的前缀。姑丈夫的母亲。翁丈夫的父亲。指公公婆婆。。原始资料成语：阿姑阿翁。,基础,开源成语资料改编原创训练题,https://github.com/crazywhalecc/idiom-database/blob/master/data/idiom.json；依据原始释义和例句改编，非官方真题,curated,自动二审通过，待人工终审,自动二审仅覆盖字段、重复项和选项唯一性；请人工核对语义、例句和干扰项。,question-002
______原相配，太其玉镜宁无时？★明·周履靖《锦笺记·诒婚》,暧昧之情,霸王别姬,阿娇金屋,抱打不平,C,释义：阿娇指汉武帝刘彻的姑母（长公主刘娇）的女儿。原指汉武帝刘彻要用金屋接纳阿娇为妇。这里泛指美丽高贵的女子。。原始资料成语：阿娇金屋。,基础,开源成语资料改编原创训练题,https://github.com/crazywhalecc/idiom-database/blob/master/data/idiom.json；依据原始释义和例句改编，非官方真题,curated,自动二审通过，待人工终审,自动二审仅覆盖字段、重复项和选项唯一性；请人工核对语义、例句和干扰项。,question-003
在德国无论______见面，一律互相举手高喊希特勒万岁”。★邹韬奋《法西斯作风的罪恶》,安不忘危,白白朱朱,抱负不凡,阿猫阿狗,D,释义：旧时人们常用的小名。引申为任何轻贱的，不值得重视的人或著作。。原始资料成语：阿猫阿狗。,基础,开源成语资料改编原创训练题,https://github.com/crazywhalecc/idiom-database/blob/master/data/idiom.json；依据原始释义和例句改编，非官方真题,curated,自动二审通过，待人工终审,自动二审仅覆盖字段、重复项和选项唯一性；请人工核对语义、例句和干扰项。,question-004
和尚念经，______。,阿弥陀佛,安步当车,白璧青蝇,抱关击柝,A,释义：佛教语，信佛的人用作口头诵颂的佛号，表示祈祷祝福或感谢神灵的意思。。原始资料成语：阿弥陀佛。,基础,开源成语资料改编原创训练题,https://github.com/crazywhalecc/idiom-database/blob/master/data/idiom.json；依据原始释义和例句改编，非官方真题,curated,自动二审通过，待人工终审,自动二审仅覆盖字段、重复项和选项唯一性；请人工核对语义、例句和干扰项。,question-005
生前不曾修福，死堕______。★《敦煌变文集·妙法莲花经讲经文》,安常处顺,阿毗地狱,白璧三献,抱恨终天,B,释义：阿毗梵语的译音，意译为无间”，即痛苦无有间断之意。常用来比喻黑暗的社会和严酷的牢狱。又比喻无法摆脱的极其痛苦的境地。。原始资料成语：阿毗地狱。,进阶,开源成语资料改编原创训练题,https://github.com/crazywhalecc/idiom-database/blob/master/data/idiom.json；依据原始释义和例句改编，非官方真题,curated,自动二审通过，待人工终审,自动二审仅覆盖字段、重复项和选项唯一性；请人工核对语义、例句和干扰项。,question-006
吾何能______为？★鲁迅《坟·摩罗诗力说》,安常守故,白璧微瑕,阿其所好,抱火厝薪,C,释义：阿曲从；其他的；好爱好。指为取得某人的好感而迎合他的爱好。。原始资料成语：阿其所好。,基础,开源成语资料改编原创训练题,https://github.com/crazywhalecc/idiom-database/blob/master/data/idiom.json；依据原始释义和例句改编，非官方真题,curated,自动二审通过，待人工终审,自动二审仅覆盖字段、重复项和选项唯一性；请人工核对语义、例句和干扰项。,question-007
其时京师有一流棍，名叫李光，专一______，谄事令孜。★明·凌濛初《初刻拍案惊奇》卷二十二,安常习故,白璧无瑕,抱火卧薪,阿谀逢迎,D,释义：阿谀用言语恭维别人；逢迎迎合别人的心意。奉承，拍马，讨好别人。。原始资料成语：阿谀逢迎。,基础,开源成语资料改编原创训练题,https://github.com/crazywhalecc/idiom-database/blob/master/data/idiom.json；依据原始释义和例句改编，非官方真题,curated,自动二审通过，待人工终审,自动二审仅覆盖字段、重复项和选项唯一性；请人工核对语义、例句和干扰项。,question-008
且王髈等______，蔽贤窃位。★明·冯梦龙《东周列国志》,阿谀取容,安车蒲轮,白发丹心,抱头鼠窜,A,释义：阿谀曲意逢迎；取容取悦于人。谄媚他人，以取得其喜悦。。原始资料成语：阿谀取容。,基础,开源成语资料改编原创训练题,https://github.com/crazywhalecc/idiom-database/blob/master/data/idiom.json；依据原始释义和例句改编，非官方真题,curated,自动二审通过，待人工终审,自动二审仅覆盖字段、重复项和选项唯一性；请人工核对语义、例句和干扰项。,question-009
咱人有子方知不孝娘，岂不问______情肠！★元·无名氏《小张屠》第一折,安堵如故,哀哀父母,白发千丈,豹死留皮,B,释义：可哀呀可哀，我的父母啊！原指古时在暴政下的人民终年在外服劳役，对父母病痛、老死不能照料而悲哀。。原始资料成语：哀哀父母。,基础,开源成语资料改编原创训练题,https://github.com/crazywhalecc/idiom-database/blob/master/data/idiom.json；依据原始释义和例句改编，非官方真题,curated,自动二审通过，待人工终审,自动二审仅覆盖字段、重复项和选项唯一性；请人工核对语义、例句和干扰项。,question-010
那安太太进门，一眼便看见姑娘，______的跪在那里……便一直的奔了姑娘去。★清·文康《儿女英雄传》第二十回,安分守己,白圭之玷,哀哀欲绝,鲍鱼之肆,C,释义：哀哀极度悲哀；绝断气，死。形容极其悲痛。。原始资料成语：哀哀欲绝。,进阶,开源成语资料改编原创训练题,https://github.com/crazywhalecc/idiom-database/blob/master/data/idiom.json；依据原始释义和例句改编，非官方真题,curated,自动二审通过，待人工终审,自动二审仅覆盖字段、重复项和选项唯一性；请人工核对语义、例句和干扰项。,question-011
不，______！不要乐，要哀，何小姐能弹《易水吟》的谱子吗？★张恨水《啼笑因缘续集》第十回,安富恤贫,白虹贯日,暴风骤雨,哀兵必胜,D,释义：原意是力量相当的两军对阵，悲愤的一方获得胜利◇指因受欺侮而奋起抵抗的军队，必定能取胜。。原始资料成语：哀兵必胜。,基础,开源成语资料改编原创训练题,https://github.com/crazywhalecc/idiom-database/blob/master/data/idiom.json；依据原始释义和例句改编，非官方真题,curated,自动二审通过，待人工终审,自动二审仅覆盖字段、重复项和选项唯一性；请人工核对语义、例句和干扰项。,question-012
她喜欢打扮，愿意有朋友，可是这都不过是一些小小的、______的、青春的游戏。★老舍《四世同堂》四十三,哀而不伤,安富恤穷,白驹过隙,暴虎冯河,A,释义：哀悲哀；伤伤害。忧愁而不悲伤，形容感情有节制；另形容诗歌、音乐优美雅致，感情适度。比喻做事没有过头也无不及。。原始资料成语：哀而不伤。,基础,开源成语资料改编原创训练题,https://github.com/crazywhalecc/idiom-database/blob/master/data/idiom.json；依据原始释义和例句改编，非官方真题,curated,自动二审通过，待人工终审,自动二审仅覆盖字段、重复项和选项唯一性；请人工核对语义、例句和干扰项。,question-013
这封信却是骈四骈六的，足有三千多字，写得异常的______。★清·吴趼人《二十年目睹之怪现状》第七十一回,安富尊荣,哀感顽艳,白龙鱼服,暴戾恣睢,B,释义：顽愚顽。原意是指内容凄切，文辞华丽，使愚笨和聪慧的人同样受感动◇多用来指艳情的小说、戏曲、电影中的感人情节。。原始资料成语：哀感顽艳。,基础,开源成语资料改编原创训练题,https://github.com/crazywhalecc/idiom-database/blob/master/data/idiom.json；依据原始释义和例句改编，非官方真题,curated,自动二审通过，待人工终审,自动二审仅覆盖字段、重复项和选项唯一性；请人工核对语义、例句和干扰项。,question-014
天涯吟望，______，都成愁侣。★黄侃《水龙吟·秋花》词,安居乐业,白面书生,哀鸿遍地,暴腮龙门,C,释义：哀鸿哀鸣的鸿雁。比喻啼饥号寒的灾民。比喻在天灾人祸中到处都是流离失所、呻吟呼号的饥民。。原始资料成语：哀鸿遍地。,基础,开源成语资料改编原创训练题,https://github.com/crazywhalecc/idiom-database/blob/master/data/idiom.json；依据原始释义和例句改编，非官方真题,curated,自动二审通过，待人工终审,自动二审仅覆盖字段、重复项和选项唯一性；请人工核对语义、例句和干扰项。,question-015
我记得历史上的罗马何等殷阗繁盛，怎么今日却是______，春燕无归，满眼凄惶。★清·梁启超《新罗马》,安老怀少,白日飞升,暴殄天物,哀鸿遍野,D,释义：哀鸿哀鸣的鸿雁。比喻啼饥号寒的灾民。比喻在天灾人祸中到处都是流离失所、呻吟呼号的饥民。。原始资料成语：哀鸿遍野。,进阶,开源成语资料改编原创训练题,https://github.com/crazywhalecc/idiom-database/blob/master/data/idiom.json；依据原始释义和例句改编，非官方真题,curated,自动二审通过，待人工终审,自动二审仅覆盖字段、重复项和选项唯一性；请人工核对语义、例句和干扰项。,question-016
众亲戚已到，商量在本族亲房立了一个儿子过来，然后大殓治丧。蘧公子______，极倦子之谊。★清·吴敬梓《儒林外史》第十二回,哀毁骨立,安民告示,白日见鬼,暴跳如雷,A,释义：哀悲哀；毁损坏身体；骨立形容极瘦，只剩下骨架。旧时形容在父母丧中因过度悲伤而瘦得只剩一把骨头。。原始资料成语：哀毁骨立。,基础,开源成语资料改编原创训练题,https://github.com/crazywhalecc/idiom-database/blob/master/data/idiom.json；依据原始释义和例句改编，非官方真题,curated,自动二审通过，待人工终审,自动二审仅覆盖字段、重复项和选项唯一性；请人工核对语义、例句和干扰项。,question-017
______颂英烈，此是北昆跃进花。★茅盾《观北昆剧院初演〈红霞〉》,安内攘外,哀丝豪竹,白日升天,暴衣露盖,B,释义：丝指弦乐器；竹指管乐器；豪竹粗大的竹管制成的乐器。形容管弦乐声的悲壮动人。。原始资料成语：哀丝豪竹。,基础,开源成语资料改编原创训练题,https://github.com/crazywhalecc/idiom-database/blob/master/data/idiom.json；依据原始释义和例句改编，非官方真题,curated,自动二审通过，待人工终审,自动二审仅覆盖字段、重复项和选项唯一性；请人工核对语义、例句和干扰项。,question-018
看她俩挨肩搭背的样子，就知道是一对好朋友，最恰当的成语是______。,安贫乐道,白色恐怖,挨肩搭背,暴衣露冠,C,释义：挨肩肩和肩相靠。搭背手搭在别人背上。形容极其亲昵的样子。。原始资料成语：挨肩搭背。,基础,开源成语资料改编原创训练题,https://github.com/crazywhalecc/idiom-database/blob/master/data/idiom.json；依据原始释义和例句改编，非官方真题,curated,自动二审通过，待人工终审,自动二审仅覆盖字段、重复项和选项唯一性；请人工核对语义、例句和干扰项。,question-019
她［一丈青大娘］又跑遍沿河几个村落，______乞讨零碎布头儿，给何满子缝了一件五光十色的百家衣。★刘绍棠《蒲柳人家》一,安然无恙,白手起家,暴躁如雷,挨门挨户,D,释义：挨按照顺序。按照住户的顺序一家也不漏。同挨门逐户”。。原始资料成语：挨门挨户。,基础,开源成语资料改编原创训练题,https://github.com/crazywhalecc/idiom-database/blob/master/data/idiom.json；依据原始释义和例句改编，非官方真题,curated,自动二审通过，待人工终审,自动二审仅覆盖字段、重复项和选项唯一性；请人工核对语义、例句和干扰项。,question-020
最有识见之客，亦作______。★清·李渔《闲情偶寄·演习·选剧》,矮人观场,安忍无亲,白首穷经,卑辞重币,A,释义：比喻只知道附和别人，自己没有主见。也比喻见识不广。。原始资料成语：矮人观场。,进阶,开源成语资料改编原创训练题,https://github.com/crazywhalecc/idiom-database/blob/master/data/idiom.json；依据原始释义和例句改编，非官方真题,curated,自动二审通过，待人工终审,自动二审仅覆盖字段、重复项和选项唯一性；请人工核对语义、例句和干扰项。,question-021
是真是假，要弄个明白，不能______，人云亦云。,安如盘石,矮人看场,白首同归,卑宫菲食,B,释义：比喻只知道附和别人，自己没有主见。也比喻见识不广。。原始资料成语：矮人看场。,基础,开源成语资料改编原创训练题,https://github.com/crazywhalecc/idiom-database/blob/master/data/idiom.json；依据原始释义和例句改编，非官方真题,curated,自动二审通过，待人工终审,自动二审仅覆盖字段、重复项和选项唯一性；请人工核对语义、例句和干扰项。,question-022
______何曾见，都是随人说短长。★清·赵翼《诗论》诗,安如磐石,白叟黄童,矮子看戏,卑躬屈节,C,释义：比喻只知道附和别人，自己没有主见。也比喻见识不广。。原始资料成语：矮子看戏。,基础,开源成语资料改编原创训练题,https://github.com/crazywhalecc/idiom-database/blob/master/data/idiom.json；依据原始释义和例句改编，非官方真题,curated,自动二审通过，待人工终审,自动二审仅覆盖字段、重复项和选项唯一性；请人工核对语义、例句和干扰项。,question-023
早有那般世谊同年，见他翩翩风度，______，都愿和他亲近进来了。★清·文康《儿女英雄传》第三十八回,安身立命,白天见鬼,卑躬屈膝,蔼然可亲,D,释义：蔼然对人和善的样子。形容态度和气，使人愿意接近。。原始资料成语：蔼然可亲。,基础,开源成语资料改编原创训练题,https://github.com/crazywhalecc/idiom-database/blob/master/data/idiom.json；依据原始释义和例句改编，非官方真题,curated,自动二审通过，待人工终审,自动二审仅覆盖字段、重复项和选项唯一性；请人工核对语义、例句和干扰项。,question-024
得见钱唐陈小云司马《香畹楼忆语》钞本一种，______，亟问假归，手录展玩。★清·王维鋆《香畹楼忆语序一》,爱不忍释,安土重迁,白头如新,卑礼厚币,A,释义：释放下。对所喜欢的物品，爱得拿在手里久久不肯放下。。原始资料成语：爱不忍释。,基础,开源成语资料改编原创训练题,https://github.com/crazywhalecc/idiom-database/blob/master/data/idiom.json；依据原始释义和例句改编，非官方真题,curated,自动二审通过，待人工终审,自动二审仅覆盖字段、重复项和选项唯一性；请人工核对语义、例句和干扰项。,question-025
宫保______，兄弟实在钦佩的。★清·刘鹗《老残游记》六回,安危相易,爱才如渴,白头偕老,杯弓蛇影,B,释义：才贤才，人才。爱慕贤才，急欲求得，就象口渴急于喝水一样。。原始资料成语：爱才如渴。,进阶,开源成语资料改编原创训练题,https://github.com/crazywhalecc/idiom-database/blob/master/data/idiom.json；依据原始释义和例句改编，非官方真题,curated,自动二审通过，待人工终审,自动二审仅覆盖字段、重复项和选项唯一性；请人工核对语义、例句和干扰项。,question-026
本帅______，何必过谦？★《说岳全传》第三一回,安心乐意,白雪阳春,爱才如命,杯盘狼藉,C,释义：才贤才，人才。爱慕贤才，急欲求得，就象生命一样重要。。原始资料成语：爱才如命。,基础,开源成语资料改编原创训练题,https://github.com/crazywhalecc/idiom-database/blob/master/data/idiom.json；依据原始释义和例句改编，非官方真题,curated,自动二审通过，待人工终审,自动二审仅覆盖字段、重复项和选项唯一性；请人工核对语义、例句和干扰项。,question-027
他们发现了佳人并非因为‘______’而做婊子的，佳人只为的是钱。★鲁迅《上海文艺之一瞥》,安营下寨,白衣苍狗,杯盘狼籍,爱才若渴,D,释义：才贤才，人才。爱慕贤才，急欲求得，就象口渴急于喝水一样。。原始资料成语：爱才若渴。,基础,开源成语资料改编原创训练题,https://github.com/crazywhalecc/idiom-database/blob/master/data/idiom.json；依据原始释义和例句改编，非官方真题,curated,自动二审通过，待人工终审,自动二审仅覆盖字段、重复项和选项唯一性；请人工核对语义、例句和干扰项。,question-028
那个人极端自私，______。,爱财如命,安营扎寨,白衣卿相,杯水车薪,A,释义：把钱财看得跟生命一样重要。形容极端吝啬。。原始资料成语：爱财如命。,基础,开源成语资料改编原创训练题,https://github.com/crazywhalecc/idiom-database/blob/master/data/idiom.json；依据原始释义和例句改编，非官方真题,curated,自动二审通过，待人工终审,自动二审仅覆盖字段、重复项和选项唯一性；请人工核对语义、例句和干扰项。,question-029
方信道贫居闹市无人问，富在深山有远亲。如今人______。★明·无名氏《贫富兴衰》第二折,安枕而卧,爱富嫌贫,白云苍狗,杯中蛇影,B,释义：嫌弃贫穷，喜爱富有。指对人的好恶以其贫富为准。。原始资料成语：爱富嫌贫。,基础,开源成语资料改编原创训练题,https://github.com/crazywhalecc/idiom-database/blob/master/data/idiom.json；依据原始释义和例句改编，非官方真题,curated,自动二审通过，待人工终审,自动二审仅覆盖字段、重复项和选项唯一性；请人工核对语义、例句和干扰项。,question-030
本朝监学之法，虽参以天下之士，而于国子加厚矣。盖______，以有待也。★宋·陈亮《国子》,安之若素,百般折磨,爱礼存羊,悲不自胜,C,释义：由于爱惜古礼，不忍使它废弛，因而保留古礼所需要的祭羊。比喻为维护根本而保留有关仪节。。原始资料成语：爱礼存羊。,进阶,开源成语资料改编原创训练题,https://github.com/crazywhalecc/idiom-database/blob/master/data/idiom.json；依据原始释义和例句改编，非官方真题,curated,自动二审通过，待人工终审,自动二审仅覆盖字段、重复项和选项唯一性；请人工核对语义、例句和干扰项。,question-031
一路地方官员馈送礼物，岳爷始终不受……只是吩咐他们学好做官，须要爱民如子，无负朝廷。★清·钱彩《说岳全传》第四八回，最恰当的成语是______。,鞍马劳顿,百弊丛生,悲欢离合,爱民如子,D,释义：旧时称赞某些统治者爱护百姓，就象爱护自己的子女一样。。原始资料成语：爱民如子。,基础,开源成语资料改编原创训练题,https://github.com/crazywhalecc/idiom-database/blob/master/data/idiom.json；依据原始释义和例句改编，非官方真题,curated,自动二审通过，待人工终审,自动二审仅覆盖字段、重复项和选项唯一性；请人工核对语义、例句和干扰项。,question-032
收到各处的回信，只是写些______”之类的抱歉话。★叶圣陶《得失》,爱莫能助,鞍马之劳,百不失一,悲天悯人,A,释义：爱爱惜；莫不。虽然心中关切同情，却没有力量帮助。。原始资料成语：爱莫能助。,基础,开源成语资料改编原创训练题,https://github.com/crazywhalecc/idiom-database/blob/master/data/idiom.json；依据原始释义和例句改编，非官方真题,curated,自动二审通过，待人工终审,自动二审仅覆盖字段、重复项和选项唯一性；请人工核对语义、例句和干扰项。,question-033
晚虽家事不如初，而亲戚故旧之急难，族人子弟之美事，______，每致其倦倦之意，而人人常信之。★宋·陈亮《喻夏卿墓志铭》,按兵不动,爱莫之助,百步穿杨,北门锁钥,B,释义：爱爱惜；莫不。虽然心中关切同情，却没有力量帮助。。原始资料成语：爱莫之助。,基础,开源成语资料改编原创训练题,https://github.com/crazywhalecc/idiom-database/blob/master/data/idiom.json；依据原始释义和例句改编，非官方真题,curated,自动二审通过，待人工终审,自动二审仅覆盖字段、重复项和选项唯一性；请人工核对语义、例句和干扰项。,question-034
1942年我在成都重见她的时候，她已经成了一个______的可笑的胖女人。★巴金《谈》,按步就班,百尺竿头,爱钱如命,北辕适楚,C,释义：某些人贪爱钱财就像吝啬生命一样。形容十分贪婪、刻薄。。原始资料成语：爱钱如命。,基础,开源成语资料改编原创训练题,https://github.com/crazywhalecc/idiom-database/blob/master/data/idiom.json；依据原始释义和例句改编，非官方真题,curated,自动二审通过，待人工终审,自动二审仅覆盖字段、重复项和选项唯一性；请人工核对语义、例句和干扰项。,question-035
轼闻琦语，曰公可谓______矣。”★《宋史·苏轼传》,按部就班,百川赴海,北辙南辕,爱人以德,D,释义：爱人爱护别人；德德行。按照道德标准去爱护人。泛指对人不偏私偏爱，不姑息迁就。。原始资料成语：爱人以德。,进阶,开源成语资料改编原创训练题,https://github.com/crazywhalecc/idiom-database/blob/master/data/idiom.json；依据原始释义和例句改编，非官方真题,curated,自动二审通过，待人工终审,自动二审仅覆盖字段、重复项和选项唯一性；请人工核对语义、例句和干扰项。,question-036
子存宠上了小老婆，未免______”，把他也看得同上客一般。★清·吴趼人《二十年目睹之怪现状》第十四回,爱屋及乌,按图索骥,百读不厌,背碑覆局,A,释义：因为爱一个人而连带爱他屋上的乌鸦。比喻爱一个人而连带地关心到与他有关的人或物。。原始资料成语：爱屋及乌。,基础,开源成语资料改编原创训练题,https://github.com/crazywhalecc/idiom-database/blob/master/data/idiom.json；依据原始释义和例句改编，非官方真题,curated,自动二审通过，待人工终审,自动二审仅覆盖字段、重复项和选项唯一性；请人工核对语义、例句和干扰项。,question-037
灰鹤与他都是高傲的，______的，而他与它们的高傲只是一种姿态而已，没有用，没有任何的用。★老舍《四世同堂》五十,按图索骏,爱惜羽毛,百发百中,背城借一,B,释义：羽毛比喻人的声望。比喻为珍惜自己的名声，行事十分谨慎。。原始资料成语：爱惜羽毛。,基础,开源成语资料改编原创训练题,https://github.com/crazywhalecc/idiom-database/blob/master/data/idiom.json；依据原始释义和例句改编，非官方真题,curated,自动二审通过，待人工终审,自动二审仅覆盖字段、重复项和选项唯一性；请人工核对语义、例句和干扰项。,question-038
武汉国民政府和当权军人对于这叛变采取了______的态度，办求化大事为小事”。★陶菊隐《北洋军阀统治时期史话》,案无留牍,百废具举,暧昧不明,背城一战,C,释义：暧昧含糊，不清楚。指不清不楚，不明不白。形容态度不明朗，关系不鲜明。。原始资料成语：暧昧不明。,基础,开源成语资料改编原创训练题,https://github.com/crazywhalecc/idiom-database/blob/master/data/idiom.json；依据原始释义和例句改编，非官方真题,curated,自动二审通过，待人工终审,自动二审仅覆盖字段、重复项和选项唯一性；请人工核对语义、例句和干扰项。,question-039
而孤男寡女并外一室，不无______。★清·明教中人《好逑传》第十五回,暗度陈仓,百废俱举,背道而驰,暧昧之情,D,释义：行为不光明，内有不可告人的隐情。也指男女互相爱悦可能的私事。。原始资料成语：暧昧之情。,基础,开源成语资料改编原创训练题,https://github.com/crazywhalecc/idiom-database/blob/master/data/idiom.json；依据原始释义和例句改编，非官方真题,curated,自动二审通过，待人工终审,自动二审仅覆盖字段、重复项和选项唯一性；请人工核对语义、例句和干扰项。,question-040
何小姐是从苦境里过来的，如今得地身安，安不忘危，立志要成全起这份人家，立番事业。★清·文康《儿女英雄传》第三十回，最恰当的成语是______。,安不忘危,暗度金针,百废俱兴,背井离乡,A,释义：在安全的时候不忘记危难。意思是时刻谨慎小心，提高警惕。。原始资料成语：安不忘危。,进阶,开源成语资料改编原创训练题,https://github.com/crazywhalecc/idiom-database/blob/master/data/idiom.json；依据原始释义和例句改编，非官方真题,curated,自动二审通过，待人工终审,自动二审仅覆盖字段、重复项和选项唯一性；请人工核对语义、例句和干扰项。,question-041
每日到局只要把照例的公事办完，立刻回公馆吃饭，一到下午，便一个人______，出门逍遥自在去了。★清·李宝嘉《中国现在记》第七回,暗渡陈仓,安步当车,百感交集,背水一战,B,释义：安安详，不慌忙；安步缓缓步行。以从容的步行代替乘车。。原始资料成语：安步当车。,基础,开源成语资料改编原创训练题,https://github.com/crazywhalecc/idiom-database/blob/master/data/idiom.json；依据原始释义和例句改编，非官方真题,curated,自动二审通过，待人工终审,自动二审仅覆盖字段、重复项和选项唯一性；请人工核对语义、例句和干扰项。,question-042
______，以为社会一健全分子，以徐徐发达，人尽能之，岂待我辈。★清·梁启超《中国前途之希望与国民责任》,暗箭伤人,百花齐放,安常处顺,背信弃义,C,释义：安习惯于；处居住，居于；顺适合，如意。习惯于平稳的日子，处于顺利的境遇中。。原始资料成语：安常处顺。,基础,开源成语资料改编原创训练题,https://github.com/crazywhalecc/idiom-database/blob/master/data/idiom.json；依据原始释义和例句改编，非官方真题,curated,自动二审通过，待人工终审,自动二审仅覆盖字段、重复项和选项唯一性；请人工核对语义、例句和干扰项。,question-043
他长期以来______，缺乏锻炼，因而经不起挫折。,暗室不欺,百喙莫辩,倍道兼行,安常守故,D,释义：习惯于日常的平稳生活，保守旧的一套。指守旧不知变革。。原始资料成语：安常守故。,基础,开源成语资料改编原创训练题,https://github.com/crazywhalecc/idiom-database/blob/master/data/idiom.json；依据原始释义和例句改编，非官方真题,curated,自动二审通过，待人工终审,自动二审仅覆盖字段、重复项和选项唯一性；请人工核对语义、例句和干扰项。,question-044
彼______之流。★清·魏源《治篇七》,安常习故,暗室欺心,百喙难辞,悖入悖出,A,释义：习习惯；故旧例。安于常规，习惯旧例。形容按照常规和老套办事，守旧而不思变革。。原始资料成语：安常习故。,基础,开源成语资料改编原创训练题,https://github.com/crazywhalecc/idiom-database/blob/master/data/idiom.json；依据原始释义和例句改编，非官方真题,curated,自动二审通过，待人工终审,自动二审仅覆盖字段、重复项和选项唯一性；请人工核对语义、例句和干扰项。,question-045
申公待聘，______。★明·张岱《寿周霞城八十》,暗送秋波,安车蒲轮,百家争鸣,被发文身,B,释义：让被征请者坐在安车上，并用蒲叶包着车轮，以便行驶时车身更为安稳。表示皇帝对贤能者的优待。。原始资料成语：安车蒲轮。,进阶,开源成语资料改编原创训练题,https://github.com/crazywhalecc/idiom-database/blob/master/data/idiom.json；依据原始释义和例句改编，非官方真题,curated,自动二审通过，待人工终审,自动二审仅覆盖字段、重复项和选项唯一性；请人工核对语义、例句和干扰项。,question-046
当涂、徽州、得以______，皆先生一谑之力也。★清·张岱《王谑庵先生传》,暗无天日,百孔千疮,安堵如故,被发缨冠,C,释义：堵墙壁，居所。故原来的。像原来一样相安无事。。原始资料成语：安堵如故。,基础,开源成语资料改编原创训练题,https://github.com/crazywhalecc/idiom-database/blob/master/data/idiom.json；依据原始释义和例句改编，非官方真题,curated,自动二审通过，待人工终审,自动二审仅覆盖字段、重复项和选项唯一性；请人工核对语义、例句和干扰项。,question-047
从此养好了，可要安分守己，再别胡行乱闹了。★清·曹雪芹《红楼梦》第七十二回，最恰当的成语是______。,暗香疏影,百口莫辩,被发左衽,安分守己,D,释义：分本分。规矩老实，守本分，不做违法的事。。原始资料成语：安分守己。,基础,开源成语资料改编原创训练题,https://github.com/crazywhalecc/idiom-database/blob/master/data/idiom.json；依据原始释义和例句改编，非官方真题,curated,自动二审通过，待人工终审,自动二审仅覆盖字段、重复项和选项唯一性；请人工核对语义、例句和干扰项。,question-048
各国都应采取一些______的措施，以保障社会的安定。,安富恤贫,暗中摸索,百了千当,被褐怀玉,A,释义：恤救济。使富有的人安定，贫穷的人得到救济。。原始资料成语：安富恤贫。,基础,开源成语资料改编原创训练题,https://github.com/crazywhalecc/idiom-database/blob/master/data/idiom.json；依据原始释义和例句改编，非官方真题,curated,自动二审通过，待人工终审,自动二审仅覆盖字段、重复项和选项唯一性；请人工核对语义、例句和干扰项。,question-049
损不失富，优可赈穷，此乃古者______之善经，不可舍也。★唐·陆贽《均节赋税恤百姓六条》六,黯淡无光,安富恤穷,百里挑一,被褐怀珠,B,释义：安定富有者，振济贫苦者。指统治者治国安民之道。。原始资料成语：安富恤穷。,基础,开源成语资料改编原创训练题,https://github.com/crazywhalecc/idiom-database/blob/master/data/idiom.json；依据原始释义和例句改编，非官方真题,curated,自动二审通过，待人工终审,自动二审仅覆盖字段、重复项和选项唯一性；请人工核对语义、例句和干扰项。,question-050
主仆上下都是______，运筹谋画的竟无一个。★清·曹雪芹《红楼梦》第二回,黯然失色,百炼成刚,安富尊荣,被坚执锐,C,释义：安安逸；富富有；尊尊贵；荣荣耀。安定富足，尊贵荣华。也指安于富裕安乐的生活。。原始资料成语：安富尊荣。,进阶,开源成语资料改编原创训练题,https://github.com/crazywhalecc/idiom-database/blob/master/data/idiom.json；依据原始释义和例句改编，非官方真题,curated,自动二审通过，待人工终审,自动二审仅覆盖字段、重复项和选项唯一性；请人工核对语义、例句和干扰项。,question-051
一家正______，不想安禄山兵乱，潼关失守，天子西幸。★明·冯梦龙《醒世恒言》卷六,黯然销魂,百年大计,奔轶绝尘,安居乐业,D,释义：安安定；乐喜爱，愉快；业职业。指安定愉快地生活和劳动。。原始资料成语：安居乐业。,基础,开源成语资料改编原创训练题,https://github.com/crazywhalecc/idiom-database/blob/master/data/idiom.json；依据原始释义和例句改编，非官方真题,curated,自动二审通过，待人工终审,自动二审仅覆盖字段、重复项和选项唯一性；请人工核对语义、例句和干扰项。,question-052
诚为枉法营私，原王章所不宥；要知______，亦圣道之大同。★清·文康《儿女英雄传》第三十五回,安老怀少,卬首信眉,百年树人,奔走呼号,A,释义：安安顿；怀关怀。尊重老人，使其安逸；关怀年轻人，使其信服。。原始资料成语：安老怀少。,基础,开源成语资料改编原创训练题,https://github.com/crazywhalecc/idiom-database/blob/master/data/idiom.json；依据原始释义和例句改编，非官方真题,curated,自动二审通过，待人工终审,自动二审仅覆盖字段、重复项和选项唯一性；请人工核对语义、例句和干扰项。,question-053
开会要事先通知，像出______一样，让大家知道要讨论什么问题，解决什么问题，并且早做准备。★毛泽东《党委会的工作方法》,昂首天外,安民告示,百鸟朝凤,本来面目,B,释义：安定人心的布告。现也指把要商量的或要办的事情预先通知大家。。原始资料成语：安民告示。,基础,开源成语资料改编原创训练题,https://github.com/crazywhalecc/idiom-database/blob/master/data/idiom.json；依据原始释义和例句改编，非官方真题,curated,自动二审通过，待人工终审,自动二审仅覆盖字段、重复项和选项唯一性；请人工核对语义、例句和干扰项。,question-054
______之大经，富国强兵之远略。★孙中山《上李鸿章书》,昂首望天,百身何赎,安内攘外,本末倒置,C,释义：攘排除。原就药的疗效而言◇多指安定内部，排除外患。。原始资料成语：安内攘外。,基础,开源成语资料改编原创训练题,https://github.com/crazywhalecc/idiom-database/blob/master/data/idiom.json；依据原始释义和例句改编，非官方真题,curated,自动二审通过，待人工终审,自动二审仅覆盖字段、重复项和选项唯一性；请人工核对语义、例句和干扰项。,question-055
劝人______是古今治国平天下的大经络，开过的方子也很多，但都没有十全大补的功效。★鲁迅《花边文学·安贫乐道法》,昂头挺胸,百身莫赎,笨鸟先飞,安贫乐道,D,释义：道主张，思想。安于贫穷，以坚持自己的信念为乐。旧时士大夫所主张的为人处世之道。。原始资料成语：安贫乐道。,进阶,开源成语资料改编原创训练题,https://github.com/crazywhalecc/idiom-database/blob/master/data/idiom.json；依据原始释义和例句改编，非官方真题,curated,自动二审通过，待人工终审,自动二审仅覆盖字段、重复项和选项唯一性；请人工核对语义、例句和干扰项。,question-056
只求处士每岁元旦，作一朱幡，上图日月五星之文，立于苑东，吾辈则安然无恙矣。★明·冯梦龙《醒世恒言》第四卷，最恰当的成语是______。,安然无恙,昂霄耸壑,百世之师,绷扒吊拷,A,释义：恙病。原指人平安没有疾病。现泛指事物平安未遭损害。。原始资料成语：安然无恙。,基础,开源成语资料改编原创训练题,https://github.com/crazywhalecc/idiom-database/blob/master/data/idiom.json；依据原始释义和例句改编，非官方真题,curated,自动二审通过，待人工终审,自动二审仅覆盖字段、重复项和选项唯一性；请人工核对语义、例句和干扰项。,question-057
李世绩之______也，置父于窦建德之刃下而不恤。★清·王夫之《读通鉴论·唐高宗》,嗷嗷待哺,安忍无亲,百兽率舞,逼上梁山,B,释义：安忍习于残忍，不以为异。安心于做残忍的事情，因而无所谓亲人。。原始资料成语：安忍无亲。,基础,开源成语资料改编原创训练题,https://github.com/crazywhalecc/idiom-database/blob/master/data/idiom.json；依据原始释义和例句改编，非官方真题,curated,自动二审通过，待人工终审,自动二审仅覆盖字段、重复项和选项唯一性；请人工核对语义、例句和干扰项。,question-058
立宪国皇室所以______者，道皆在是也。★清·梁启超《责任内阁释义》,聱牙佶屈,百岁千秋,安如盘石,鼻青眼肿,C,释义：安安稳；盘石大石头。像盘石一样安稳不动。形容非常稳固，不可动摇。。原始资料成语：安如盘石。,基础,开源成语资料改编原创训练题,https://github.com/crazywhalecc/idiom-database/blob/master/data/idiom.json；依据原始释义和例句改编，非官方真题,curated,自动二审通过，待人工终审,自动二审仅覆盖字段、重复项和选项唯一性；请人工核对语义、例句和干扰项。,question-059
立宪国皇室所以______，道皆在是也。★清·梁启超《责任内阁释义》,謷牙诘屈,百无禁忌,匕鬯不惊,安如磐石,D,释义：磐石大石头。如同磐石一般安然不动。形容非常稳固。。原始资料成语：安如磐石。,基础,开源成语资料改编原创训练题,https://github.com/crazywhalecc/idiom-database/blob/master/data/idiom.json；依据原始释义和例句改编，非官方真题,curated,自动二审通过，待人工终审,自动二审仅覆盖字段、重复项和选项唯一性；请人工核对语义、例句和干扰项。,question-060
那里是镇守边庭，用人之际，足可以______。★明·施耐庵《水浒全传》第二回,安身立命,鳌掷鲸吞,百无聊赖,比比皆是,A,释义：安身在某处安下身来；立命精神有所寄托。指生活有着落，精神有所寄托。。原始资料成语：安身立命。,进阶,开源成语资料改编原创训练题,https://github.com/crazywhalecc/idiom-database/blob/master/data/idiom.json；依据原始释义和例句改编，非官方真题,curated,自动二审通过，待人工终审,自动二审仅覆盖字段、重复项和选项唯一性；请人工核对语义、例句和干扰项。,question-061
自古道______。”说了离乡背井，那一个不怕的。★明·冯梦龙《东周列国志》第七十八回,傲睨万物,安土重迁,百无是处,比户可封,B,释义：土乡土；重看得重，不轻易。安于本乡本土，不愿轻易迁移。。原始资料成语：安土重迁。,基础,开源成语资料改编原创训练题,https://github.com/crazywhalecc/idiom-database/blob/master/data/idiom.json；依据原始释义和例句改编，非官方真题,curated,自动二审通过，待人工终审,自动二审仅覆盖字段、重复项和选项唯一性；请人工核对语义、例句和干扰项。,question-062
______，祸福相生”，事之由妄想而成者，岂独胚胎然哉？★章炳麟《菌说》,傲睨一切,百无一是,安危相易,比肩而立,C,释义：易变易，转变。平安与危难互为因果，相互转换。。原始资料成语：安危相易。,基础,开源成语资料改编原创训练题,https://github.com/crazywhalecc/idiom-database/blob/master/data/idiom.json；依据原始释义和例句改编，非官方真题,curated,自动二审通过，待人工终审,自动二审仅覆盖字段、重复项和选项唯一性；请人工核对语义、例句和干扰项。,question-063
自己便______，在寺里住下。★清·吴趼人《九命奇冤》第二十五回,傲睨一世,百依百从,比肩继踵,安心乐意,D,释义：原指心情安宁，情绪愉快◇多指内心情愿，十分愉快。。原始资料成语：安心乐意。,基础,开源成语资料改编原创训练题,https://github.com/crazywhalecc/idiom-database/blob/master/data/idiom.json；依据原始释义和例句改编，非官方真题,curated,自动二审通过，待人工终审,自动二审仅覆盖字段、重复项和选项唯一性；请人工核对语义、例句和干扰项。,question-064
操曰吾料吕布有勇无谋，不足虑也。”教且______，再做商议。★明·罗贯中《三国演义》第十一回,安营下寨,傲睨自若,百依百顺,比权量力,A,释义：安、下建立，安置；寨防守用的栅栏。指部队驻扎下来。也比喻建立临时的劳动或工作基地。。原始资料成语：安营下寨。,基础,开源成语资料改编原创训练题,https://github.com/crazywhalecc/idiom-database/blob/master/data/idiom.json；依据原始释义和例句改编，非官方真题,curated,自动二审通过，待人工终审,自动二审仅覆盖字段、重复项和选项唯一性；请人工核对语义、例句和干扰项。,question-065
打什么地方进兵，打什么地方退兵，什么地方可以______，什么地方可以埋伏，指手画脚的讲了一通。★清·李宝嘉《官场现形记》第十四回,傲雪凌霜,安营扎寨,百战不殆,比屋而封,B,释义：安、扎建立，安置；寨防守用的栅栏。指部队驻扎下来。也比喻建立临时的劳动或工作基地。。原始资料成语：安营扎寨。,进阶,开源成语资料改编原创训练题,https://github.com/crazywhalecc/idiom-database/blob/master/data/idiom.json；依据原始释义和例句改编，非官方真题,curated,自动二审通过，待人工终审,自动二审仅覆盖字段、重复项和选项唯一性；请人工核对语义、例句和干扰项。,question-066
孔子见疏，必弃鲁国而适他国，君可______矣。★明·冯梦龙《东周列国志》第七十九回,傲雪欺霜,百折不回,安枕而卧,比屋可封,C,释义：放好枕头睡大觉。比喻太平无事，不必担忧。。原始资料成语：安枕而卧。,基础,开源成语资料改编原创训练题,https://github.com/crazywhalecc/idiom-database/blob/master/data/idiom.json；依据原始释义和例句改编，非官方真题,curated,自动二审通过，待人工终审,自动二审仅覆盖字段、重复项和选项唯一性；请人工核对语义、例句和干扰项。,question-067
第二天宝小姐酒醒，很觉得过意不去◇来彼此熟了，见瞿太太常常如此，也就______了。★清·李宝嘉《官场现形记》第三十八回,八百孤寒,百折不挠,比翼连枝,安之若素,D,释义：安安然，坦然；之代词，指人或物；素平常。安然相处，和往常一样，不觉得有什么不合适。。原始资料成语：安之若素。,基础,开源成语资料改编原创训练题,https://github.com/crazywhalecc/idiom-database/blob/master/data/idiom.json；依据原始释义和例句改编，非官方真题,curated,自动二审通过，待人工终审,自动二审仅覆盖字段、重复项和选项唯一性；请人工核对语义、例句和干扰项。,question-068
恐王侄一路远来，______，故令王侄回营安歇。★清·钱彩《说岳全传》第四二回,鞍马劳顿,八拜之交,百折不屈,比翼齐飞,A,释义：顿困顿。骑马赶路过久，劳累疲困。形容旅途劳累。。原始资料成语：鞍马劳顿。,基础,开源成语资料改编原创训练题,https://github.com/crazywhalecc/idiom-database/blob/master/data/idiom.json；依据原始释义和例句改编，非官方真题,curated,自动二审通过，待人工终审,自动二审仅覆盖字段、重复项和选项唯一性；请人工核对语义、例句和干扰项。,question-069
唐铉说此话以后再说。请到那边入座，少饮几杯水酒，以解二位______。”★姚雪垠《李自成》第三卷第三十四章,八窗玲珑,鞍马之劳,败不旋踵,比翼双飞,B,释义：鞍马鞍子和马，指长途跋涉或打仗。形容旅途或战斗的劳苦。。原始资料成语：鞍马之劳。,基础,开源成语资料改编原创训练题,https://github.com/crazywhalecc/idiom-database/blob/master/data/idiom.json；依据原始释义和例句改编，非官方真题,curated,自动二审通过，待人工终审,自动二审仅覆盖字段、重复项和选项唯一性；请人工核对语义、例句和干扰项。,question-070
又听得寨前炮响，史文恭______，只要等他入来，塌了陷坑，山后伏兵齐起，接应捉人。★明·施耐庵《水浒全传》第六十八回,八方呼应,稗官野史,按兵不动,彼此彼此,C,释义：按止住。使军队暂不行动。现也比喻暂不开展工作。。原始资料成语：按兵不动。,进阶,开源成语资料改编原创训练题,https://github.com/crazywhalecc/idiom-database/blob/master/data/idiom.json；依据原始释义和例句改编，非官方真题,curated,自动二审通过，待人工终审,自动二审仅覆盖字段、重复项和选项唯一性；请人工核对语义、例句和干扰项。,question-071
学校却，没有这弊病。★鲁迅《书信集·致陶亢德》，最恰当的成语是______。,八面玲珑,班班可考,彼竭我盈,按步就班,D,释义：指按照条理或遵循一定的程序。参见按部就班”。。原始资料成语：按步就班。,基础,开源成语资料改编原创训练题,https://github.com/crazywhalecc/idiom-database/blob/master/data/idiom.json；依据原始释义和例句改编，非官方真题,curated,自动二审通过，待人工终审,自动二审仅覆盖字段、重复项和选项唯一性；请人工核对语义、例句和干扰项。,question-072
但黄公俊的祖父，他开始读了书，象一般读书人似的，他______的要将八股型的才学，货与帝王家”。★郑振铎《黄公俊之最后》,按部就班,八面威风,班荆道故,笔伐口诛,A,释义：部、班门类，次序；就归于。按照一定的步骤、顺序进行。也指按老规矩办事，缺乏创新精神。。原始资料成语：按部就班。,基础,开源成语资料改编原创训练题,https://github.com/crazywhalecc/idiom-database/blob/master/data/idiom.json；依据原始释义和例句改编，非官方真题,curated,自动二审通过，待人工终审,自动二审仅覆盖字段、重复项和选项唯一性；请人工核对语义、例句和干扰项。,question-073
每见一班______者，多失于骊黄牝牡。★明·赵沺《葬书问对》,八万四千,按图索骥,班荆道旧,笔墨官司,B,释义：索找；骥良马。按照画像去寻求好马。比喻墨守成规办事；也比喻按照线索去寻求。。原始资料成语：按图索骥。,基础,开源成语资料改编原创训练题,https://github.com/crazywhalecc/idiom-database/blob/master/data/idiom.json；依据原始释义和例句改编，非官方真题,curated,自动二审通过，待人工终审,自动二审仅覆盖字段、重复项和选项唯一性；请人工核对语义、例句和干扰项。,question-074
虽部胥掌阙簿者，亦不过______。★宋·周密《癸辛杂识续集下·卖阙沈官人》,八仙过海,班马文章,按图索骏,笔扫千军,C,释义：指按照画像去寻求好马。比喻墨守成规办事；也比喻按照线索去寻求。参见按图索骥”。。原始资料成语：按图索骏。,基础,开源成语资料改编原创训练题,https://github.com/crazywhalecc/idiom-database/blob/master/data/idiom.json；依据原始释义和例句改编，非官方真题,curated,自动二审通过，待人工终审,自动二审仅覆盖字段、重复项和选项唯一性；请人工核对语义、例句和干扰项。,question-075
一应公事，张令都听他决断。真是______，狱无冤刑，民心大悦。★清·黄小配《洪秀全演义》,八音迭奏,班门弄斧,币重言甘,案无留牍,D,释义：桌案上没有积压的公文。形容办理公务干练、及时。。原始资料成语：案无留牍。,进阶,开源成语资料改编原创训练题,https://github.com/crazywhalecc/idiom-database/blob/master/data/idiom.json；依据原始释义和例句改编，非官方真题,curated,自动二审通过，待人工终审,自动二审仅覆盖字段、重复项和选项唯一性；请人工核对语义、例句和干扰项。,question-076
臣已算定今番诸葛亮必效韩信______之计。★《三国演义》第九六回,暗度陈仓,八音遏密,班师回朝,必不得已,A,释义：指正面迷惑敌人，而从侧翼进行突然袭击。亦比喻暗中进行活动。陈仓，古县名，在今陕西省宝鸡市东，为通向汉中的交通孔道。。原始资料成语：暗度陈仓。,基础,开源成语资料改编原创训练题,https://github.com/crazywhalecc/idiom-database/blob/master/data/idiom.json；依据原始释义和例句改编，非官方真题,curated,自动二审通过，待人工终审,自动二审仅覆盖字段、重复项和选项唯一性；请人工核对语义、例句和干扰项。,question-077
日本政府，向来主张______，我国虽尚守中立，未曾加入协约团体，但日本如此举动，本使也很不赞成。★蔡东藩《民国演义》第六十回,八字打开,暗度金针,班衣戏彩,必也正名,B,释义：度通渡”，过渡，引申为传授◇用于比喻秘诀。又借指幕后交易。。原始资料成语：暗度金针。,基础,开源成语资料改编原创训练题,https://github.com/crazywhalecc/idiom-database/blob/master/data/idiom.json；依据原始释义和例句改编，非官方真题,curated,自动二审通过，待人工终审,自动二审仅覆盖字段、重复项和选项唯一性；请人工核对语义、例句和干扰项。,question-078
孤家用韩信之计，明修栈道，______，攻定三秦，动取五国。★元·无名氏《气英布》第一折,巴巴结结,斑驳陆离,暗渡陈仓,必由之路,C,释义：渡越过；陈仓古县名，在今陕西省宝鸡市东。比喻用造假象的手段来达到某种目的。也隐喻男女私通。。原始资料成语：暗渡陈仓。,基础,开源成语资料改编原创训练题,https://github.com/crazywhalecc/idiom-database/blob/master/data/idiom.json；依据原始释义和例句改编，非官方真题,curated,自动二审通过，待人工终审,自动二审仅覆盖字段、重复项和选项唯一性；请人工核对语义、例句和干扰项。,question-079
有荼毒生灵的强盗，有______的强盗。★清·李汝珍《镜花缘》第五十八回,巴人下里,斑衣戏彩,毕雨箕风,暗箭伤人,D,释义：放冷箭伤害人。比喻暗地里用某种手段伤害人。。原始资料成语：暗箭伤人。,基础,开源成语资料改编原创训练题,https://github.com/crazywhalecc/idiom-database/blob/master/data/idiom.json；依据原始释义和例句改编，非官方真题,curated,自动二审通过，待人工终审,自动二审仅覆盖字段、重复项和选项唯一性；请人工核对语义、例句和干扰项。,question-080
知县生平______，既读孔、孟之书，怎敢行盗跖之事？★明·冯梦龙《醒世恒言》卷十三,暗室不欺,拔本塞源,搬弄是非,闭关却扫,A,释义：在没有人看见的地方，也不做见不得人的事。。原始资料成语：暗室不欺。,进阶,开源成语资料改编原创训练题,https://github.com/crazywhalecc/idiom-database/blob/master/data/idiom.json；依据原始释义和例句改编，非官方真题,curated,自动二审通过，待人工终审,自动二审仅覆盖字段、重复项和选项唯一性；请人工核对语义、例句和干扰项。,question-081
方信道暗室亏心，难逃他神目如电。★《元曲选·无名氏三》，最恰当的成语是______。,拔萃出群,暗室欺心,板上钉钉,闭关锁国,B,释义：在黑暗的屋子里昧着良心做坏事。指偷偷地做坏事。。原始资料成语：暗室欺心。,基础,开源成语资料改编原创训练题,https://github.com/crazywhalecc/idiom-database/blob/master/data/idiom.json；依据原始释义和例句改编，非官方真题,curated,自动二审通过，待人工终审,自动二审仅覆盖字段、重复项和选项唯一性；请人工核对语义、例句和干扰项。,question-082
对张（作霖）则______，对曹（锟）尤密切勾结。★蔡东藩、许廑父《民国通俗演义》第一二四回,拔地倚天,版筑饭牛,暗送秋波,闭关自守,C,释义：旧时比喻美女的眼睛象秋天明净的水波一样。指暗中眉目传情。。原始资料成语：暗送秋波。,基础,开源成语资料改编原创训练题,https://github.com/crazywhalecc/idiom-database/blob/master/data/idiom.json；依据原始释义和例句改编，非官方真题,curated,自动二审通过，待人工终审,自动二审仅覆盖字段、重复项和选项唯一性；请人工核对语义、例句和干扰项。,question-083
上自王后，下至弄臣，骇得凝结着的神色也应声活动起来，似乎感到______的悲哀。★鲁迅《故事新编·铸剑》,拔来报往,半壁江山,闭口捕舌,暗无天日,D,释义：昏暗得看不到天上的日光。形容在反动势力统治下社会的黑暗。。原始资料成语：暗无天日。,基础,开源成语资料改编原创训练题,https://github.com/crazywhalecc/idiom-database/blob/master/data/idiom.json；依据原始释义和例句改编，非官方真题,curated,自动二审通过，待人工终审,自动二审仅覆盖字段、重复项和选项唯一性；请人工核对语义、例句和干扰项。,question-084
两个站在小桥上，疏影暗香，自甘清冷，屋后山冈积雪如银，背着手玩赏。★清·陈忱《水浒后传》第十四回，最恰当的成语是______。,暗香疏影,拔茅连茹,半部论语,闭口无言,A,释义：暗香清幽的香气；疏影稀疏的枝影。原形容梅花的香味和姿态，后被用为梅花的代称。。原始资料成语：暗香疏影。,基础,开源成语资料改编原创训练题,https://github.com/crazywhalecc/idiom-database/blob/master/data/idiom.json；依据原始释义和例句改编，非官方真题,curated,自动二审通过，待人工终审,自动二审仅覆盖字段、重复项和选项唯一性；请人工核对语义、例句和干扰项。,question-085
先生有志于木刻，是极好的事，但访木刻家是无益的，因为就是已有成绩的木刻家，也还在______。★《鲁迅书信集·致沈振黄》,拔苗助长,暗中摸索,半筹不纳,闭门造车,B,释义：摸索寻求，探索。在黑暗中寻找◇比喻没有人指导，独自钻研。。原始资料成语：暗中摸索。,进阶,开源成语资料改编原创训练题,https://github.com/crazywhalecc/idiom-database/blob/master/data/idiom.json；依据原始释义和例句改编，非官方真题,curated,自动二审通过，待人工终审,自动二审仅覆盖字段、重复项和选项唯一性；请人工核对语义、例句和干扰项。,question-086
但是这个电报却又引起了张勋的不愉快，因为，他的十三省盟主地位因此而______。★陶菊隐《北洋军阀统治时期史话》第二十四章,拔山盖世,半筹莫展,黯淡无光,闭门自守,C,释义：黯淡同暗淡”，不明亮，昏暗。形容失去光彩。。原始资料成语：黯淡无光。,基础,开源成语资料改编原创训练题,https://github.com/crazywhalecc/idiom-database/blob/master/data/idiom.json；依据原始释义和例句改编，非官方真题,curated,自动二审通过，待人工终审,自动二审仅覆盖字段、重复项和选项唯一性；请人工核对语义、例句和干扰项。,question-087
所有同类题材的绘画和它比较起来，都______。★秦牧《艺海拾贝·〈最后的晚餐〉》,拔山扛鼎,半间半界,闭目塞耳,黯然失色,D,释义：黯然心里不舒服、情绪低落的样子；失色因惊恐而变以脸色。本指心怀不好，脸色难看◇多比喻相形之下很有差距，远远不如。。原始资料成语：黯然失色。,基础,开源成语资料改编原创训练题,https://github.com/crazywhalecc/idiom-database/blob/master/data/idiom.json；依据原始释义和例句改编，非官方真题,curated,自动二审通过，待人工终审,自动二审仅覆盖字段、重复项和选项唯一性；请人工核对语义、例句和干扰项。,question-088
无言独上西楼”，深闺的空寥，弥漫在漠漠的冥色里，离情别绪，______！★郭枫《且饮一杯寂寞》,黯然销魂,拔十得五,半截入土,闭目塞听,A,释义：黯然心怀沮丧、面色难看的样子；销魂灵魂离开肉体。心怀沮丧得好象丢了魂似的。形容非常悲伤或愁苦。。原始资料成语：黯然销魂。,基础,开源成语资料改编原创训练题,https://github.com/crazywhalecc/idiom-database/blob/master/data/idiom.json；依据原始释义和例句改编，非官方真题,curated,自动二审通过，待人工终审,自动二审仅覆盖字段、重复项和选项唯一性；请人工核对语义、例句和干扰项。,question-089
随行逐队，则有持禄之讥；______，则有出位之戒，是亦何荣之有哉！★宋朱熹《答汪尚书书》,拔新领异,卬首信眉,半斤八两,闭月羞花,B,释义：信，通伸”。昂首伸眉。形容意气昂扬，不随波逐流。。原始资料成语：卬首信眉。,基础,开源成语资料改编原创训练题,https://github.com/crazywhalecc/idiom-database/blob/master/data/idiom.json；依据原始释义和例句改编，非官方真题,curated,自动二审通过，待人工终审,自动二审仅覆盖字段、重复项和选项唯一性；请人工核对语义、例句和干扰项。,question-090
某些人做事不从实际出发，往往______。,拔宅飞升,半路出家,昂首天外,毙而后已,C,释义：抬起头望着天边。形容态度傲慢，或做事脱离实际。。原始资料成语：昂首天外。,进阶,开源成语资料改编原创训练题,https://github.com/crazywhalecc/idiom-database/blob/master/data/idiom.json；依据原始释义和例句改编，非官方真题,curated,自动二审通过，待人工终审,自动二审仅覆盖字段、重复项和选项唯一性；请人工核对语义、例句和干扰项。,question-091
要做这件事，第一是眼睛向下，不要只是______。★毛泽东《〈农村调查〉的序言和跋》,拔宅上升,半路修行,婢膝奴颜,昂首望天,D,释义：仰起头，望着天。喻指眼光向上，作风浮泛，不肯放下架子、深入基层。。原始资料成语：昂首望天。,基础,开源成语资料改编原创训练题,https://github.com/crazywhalecc/idiom-database/blob/master/data/idiom.json；依据原始释义和例句改编，非官方真题,curated,自动二审通过，待人工终审,自动二审仅覆盖字段、重复项和选项唯一性；请人工核对语义、例句和干扰项。,question-092
你看！提到内战，就连妇人女子都反对啦……”______，老老师欣喜地叫出来。★沙汀《范老老师》,昂头挺胸,跋前踬后,半身不遂,婢作夫人,A,释义：抬起头，挺起胸膛。形容斗志高，士气旺。参见昂首挺胸”。。原始资料成语：昂头挺胸。,基础,开源成语资料改编原创训练题,https://github.com/crazywhalecc/idiom-database/blob/master/data/idiom.json；依据原始释义和例句改编，非官方真题,curated,自动二审通过，待人工终审,自动二审仅覆盖字段、重复项和选项唯一性；请人工核对语义、例句和干扰项。,question-093
昔余识夫人之子稚年，固已得其______之气。★宋·陈亮《祭叶正则母夫人文》,跋山涉水,昂霄耸壑,半生不熟,敝帚千金,B,释义：昂高；壑峪。高出霄汉，耸立山壑。形容才能杰出，建树宏大功业。也形容志气高昂，胸怀广阔。。原始资料成语：昂霄耸壑。,基础,开源成语资料改编原创训练题,https://github.com/crazywhalecc/idiom-database/blob/master/data/idiom.json；依据原始释义和例句改编，非官方真题,curated,自动二审通过，待人工终审,自动二审仅覆盖字段、重复项和选项唯一性；请人工核对语义、例句和干扰项。,question-094
文章尽可在别的刊物上发表，对于______的创造社的几种刊物却一字也不肯飞来。★郭沫若《学生时代·创造十年续编》,把素持斋,半死半生,嗷嗷待哺,敝帚自珍,C,释义：嗷嗷哀鸣声；待等待；哺喂食。饥饿时急于求食的样子。形容受饥饿的悲惨情景。。原始资料成语：嗷嗷待哺。,基础,开源成语资料改编原创训练题,https://github.com/crazywhalecc/idiom-database/blob/master/data/idiom.json；依据原始释义和例句改编，非官方真题,curated,自动二审通过，待人工终审,自动二审仅覆盖字段、重复项和选项唯一性；请人工核对语义、例句和干扰项。,question-095
我今赠君亦无物，但有______村田诗。★元·戴元表《剡源集·寿陈贵白,罢黜百家,半死不活,筚路蓝缕,聱牙佶屈,D,释义：聱牙不顺口；佶屈曲折。指文章读起来不顺口。。原始资料成语：聱牙佶屈。,进阶,开源成语资料改编原创训练题,https://github.com/crazywhalecc/idiom-database/blob/master/data/idiom.json；依据原始释义和例句改编，非官方真题,curated,自动二审通过，待人工终审,自动二审仅覆盖字段、重复项和选项唯一性；请人工核对语义、例句和干扰项。,question-096
我今赠君亦无物，但有______村田诗。★元·戴元表《剡源集·寿陈贵白》,謷牙诘屈,霸王别姬,半途而废,筚门闺窦,A,释义：同诘屈聱牙”。謷，通聱”。诘屈同佶屈”，曲折，引申为不顺畅；謷牙读起来拗口、别扭。形容文字晦涩艰深，难懂难读。。原始资料成语：謷牙诘屈。,基础,开源成语资料改编原创训练题,https://github.com/crazywhalecc/idiom-database/blob/master/data/idiom.json；依据原始释义和例句改编，非官方真题,curated,自动二审通过，待人工终审,自动二审仅覆盖字段、重复项和选项唯一性；请人工核对语义、例句和干扰项。,question-097
至于杜之涵地负，韩之鳌掷鲸呿，尚有所未逮。★清宋荦《漫堂说诗》三，最恰当的成语是______。,白白朱朱,鳌掷鲸吞,半推半就,弊绝风清,B,释义：比喻文辞气势磅礴，跌宕起伏。亦作鳌掷鲸呿”。。原始资料成语：鳌掷鲸吞。,基础,开源成语资料改编原创训练题,https://github.com/crazywhalecc/idiom-database/blob/master/data/idiom.json；依据原始释义和例句改编，非官方真题,curated,自动二审通过，待人工终审,自动二审仅覆盖字段、重复项和选项唯一性；请人工核对语义、例句和干扰项。,question-098
……益自尊大，宝自有而______。★鲁迅《文化偏至论》,白璧青蝇,半信半疑,傲睨万物,弊帚千金,C,释义：睨斜视。斜着眼看一切事物。形容目空一切，什么都瞧不起。。原始资料成语：傲睨万物。,基础,开源成语资料改编原创训练题,https://github.com/crazywhalecc/idiom-database/blob/master/data/idiom.json；依据原始释义和例句改编，非官方真题,curated,自动二审通过，待人工终审,自动二审仅覆盖字段、重复项和选项唯一性；请人工核对语义、例句和干扰项。,question-099
更有那放荡不羁，______，偏低首下心，作儿女之态。★清·魏秀仁《花月痕》第一回,白璧三献,半夜三更,弊帚自珍,傲睨一切,D,释义：睨斜视。斜着眼看一切事物。形容目空一切，什么都瞧不起。。原始资料成语：傲睨一切。,基础,开源成语资料改编原创训练题,https://github.com/crazywhalecc/idiom-database/blob/master/data/idiom.json；依据原始释义和例句改编，非官方真题,curated,自动二审通过，待人工终审,自动二审仅覆盖字段、重复项和选项唯一性；请人工核对语义、例句和干扰项。,question-100
辽字睿达，幼挺拔不群，长而好学尚友，______。★《宋史·沈辽传》,傲睨一世,白璧微瑕,半疑半信,碧空如洗,A,释义：睨斜视。高傲地旁观，对当代的一切都不看在眼里。形容傲慢自负，目空一切。。原始资料成语：傲睨一世。,进阶,开源成语资料改编原创训练题,https://github.com/crazywhalecc/idiom-database/blob/master/data/idiom.json；依据原始释义和例句改编，非官方真题,curated,自动二审通过，待人工终审,自动二审仅覆盖字段、重复项和选项唯一性；请人工核对语义、例句和干扰项。,question-101
简雍在城下唤门。（刘）璋令开门接入。雍坐在车中，傲睨自若。★明·罗贯中《三国演义》第六十五回，最恰当的成语是______。,白璧无瑕,傲睨自若,蚌鹬相持,碧落黄泉,B,释义：睨斜视；自若指满不在乎。形容自高自大、藐视一切的样子。。原始资料成语：傲睨自若。,基础,开源成语资料改编原创训练题,https://github.com/crazywhalecc/idiom-database/blob/master/data/idiom.json；依据原始释义和例句改编，非官方真题,curated,自动二审通过，待人工终审,自动二审仅覆盖字段、重复项和选项唯一性；请人工核对语义、例句和干扰项。,question-102
如松柏之性，______。★清·钱泳《履园丛话·谭诗·总论》,白发丹心,傍人门户,傲雪凌霜,蔽日遮天,C,释义：形容不畏霜雪严寒，外界条件越艰苦越有精神。比喻经过长期磨练，面对冷酷迫害或打击毫不示弱、无所畏惧。傲，傲慢、蔑视。。原始资料成语：傲雪凌霜。,基础,开源成语资料改编原创训练题,https://github.com/crazywhalecc/idiom-database/blob/master/data/idiom.json；依据原始释义和例句改编，非官方真题,curated,自动二审通过，待人工终审,自动二审仅覆盖字段、重复项和选项唯一性；请人工核对语义、例句和干扰项。,question-103
玉骨冰肌谁可匹，______夺第一。★元·吴昌龄《张天师》第三折,白发千丈,傍若无人,避难就易,傲雪欺霜,D,释义：形容不畏霜雪严寒，外界条件越艰苦越有精神。比喻经过长期磨练，面对冷酷迫害或打击毫不示弱、无所畏惧。傲，傲慢、蔑视。。原始资料成语：傲雪欺霜。,基础,开源成语资料改编原创训练题,https://github.com/crazywhalecc/idiom-database/blob/master/data/idiom.json；依据原始释义和例句改编，非官方真题,curated,自动二审通过，待人工终审,自动二审仅覆盖字段、重复项和选项唯一性；请人工核对语义、例句和干扰项。,question-104
小谪陈芳现在身，人间何事敝精神。幔亭仙客休相待，______要此人。★清·黄景仁《两当轩集·十四·岁暮怀人》,八百孤寒,白圭之玷,棒打鸳鸯,避强打弱,A,释义：八百形容很多；孤寒指贫寒的读书人。形容人数众多，处境贫寒的读书人。也比喻贫寒之士失去依靠。。原始资料成语：八百孤寒。,基础,开源成语资料改编原创训练题,https://github.com/crazywhalecc/idiom-database/blob/master/data/idiom.json；依据原始释义和例句改编，非官方真题,curated,自动二审通过，待人工终审,自动二审仅覆盖字段、重复项和选项唯一性；请人工核对语义、例句和干扰项。,question-105
今日在圣贤炉前成了______，有福同享，有马同骑。★清·李绿园《歧路灯》第二十回,白虹贯日,八拜之交,包办代替,避强击弱,B,释义：八拜原指古代世交子弟谒见长辈的礼节；交友谊。旧时朋友结为兄弟的关系。。原始资料成语：八拜之交。,进阶,开源成语资料改编原创训练题,https://github.com/crazywhalecc/idiom-database/blob/master/data/idiom.json；依据原始释义和例句改编，非官方真题,curated,自动二审通过，待人工终审,自动二审仅覆盖字段、重复项和选项唯一性；请人工核对语义、例句和干扰项。,question-106
而今须是要打破那黑底虚静，换做个白底虚静，则______，无不融通。★《朱子语类》卷一百,白驹过隙,包藏祸心,八窗玲珑,避实就虚,C,释义：①指四壁窗户轩敞，室内通彻明亮。②比喻通达明澈的修养境界。。原始资料成语：八窗玲珑。,基础,开源成语资料改编原创训练题,https://github.com/crazywhalecc/idiom-database/blob/master/data/idiom.json；依据原始释义和例句改编，非官方真题,curated,自动二审通过，待人工终审,自动二审仅覆盖字段、重复项和选项唯一性；请人工核对语义、例句和干扰项。,question-107
中国申办奥运的计划一提出，立即八方呼应，群情激奋，最恰当的成语是______。,白龙鱼服,包罗万象,避重就轻,八方呼应,D,释义：呼应彼此声气相通。泛指周围、各地。形容各方面互通声气，互相配合。。原始资料成语：八方呼应。,基础,开源成语资料改编原创训练题,https://github.com/crazywhalecc/idiom-database/blob/master/data/idiom.json；依据原始释义和例句改编，非官方真题,curated,自动二审通过，待人工终审,自动二审仅覆盖字段、重复项和选项唯一性；请人工核对语义、例句和干扰项。,question-108
原来宝廷的为人，是______，却十分落拓。★清·曾朴《孽海花》第七回,八面玲珑,白面书生,褒贬与夺,髀肉复生,A,释义：玲珑精巧细致，指人灵活、敏捷。本指窗户明亮轩敞◇用来形容人处世圆滑，待人接物面面俱到。。原始资料成语：八面玲珑。,基础,开源成语资料改编原创训练题,https://github.com/crazywhalecc/idiom-database/blob/master/data/idiom.json；依据原始释义和例句改编，非官方真题,curated,自动二审通过，待人工终审,自动二审仅覆盖字段、重复项和选项唯一性；请人工核对语义、例句和干扰项。,question-109
年龄不到五十许，体态虽十分端丽，神情却八面威风。★清·曾朴《孽海花》第十二回，最恰当的成语是______。,白日飞升,八面威风,褒善贬恶,璧合珠连,B,释义：威风令人敬畏的气势。各个方面都很威风。形容神气足，声势盛。。原始资料成语：八面威风。,基础,开源成语资料改编原创训练题,https://github.com/crazywhalecc/idiom-database/blob/master/data/idiom.json；依据原始释义和例句改编，非官方真题,curated,自动二审通过，待人工终审,自动二审仅覆盖字段、重复项和选项唯一性；请人工核对语义、例句和干扰项。,question-110
______颠倒想，与君同付醉眠中。★宋·陆游《醉歌》,白日见鬼,褒衣博带,八万四千,鞭不及腹,C,释义：本为佛教表示事物众多的数字，后用以形容极多。。原始资料成语：八万四千。,进阶,开源成语资料改编原创训练题,https://github.com/crazywhalecc/idiom-database/blob/master/data/idiom.json；依据原始释义和例句改编，非官方真题,curated,自动二审通过，待人工终审,自动二审仅覆盖字段、重复项和选项唯一性；请人工核对语义、例句和干扰项。,question-111
说得好，咱们就______吧！★老舍《茶馆》第一幕,白日升天,薄寒中人,鞭辟近里,八仙过海,D,释义：相传八仙过海时不用舟船，各有一套法术。民间因有八仙过海，各显神通”的谚语◇以比喻各自拿出本领或办法，互相竞赛。。原始资料成语：八仙过海。,基础,开源成语资料改编原创训练题,https://github.com/crazywhalecc/idiom-database/blob/master/data/idiom.json；依据原始释义和例句改编，非官方真题,curated,自动二审通过，待人工终审,自动二审仅覆盖字段、重复项和选项唯一性；请人工核对语义、例句和干扰项。,question-112
又有谓大八音匣者，与衣厢等。触其机，______，恍如有十数人弹唱焉。★清·淮阴百一居士《壶天录》卷中,八音迭奏,白色恐怖,宝山空回,鞭辟入里,A,释义：八音古代对乐器的统称；迭交互，轮流。八类乐器轮番演奏。表示器乐齐全，演奏场面盛大。。原始资料成语：八音迭奏。,基础,开源成语资料改编原创训练题,https://github.com/crazywhalecc/idiom-database/blob/master/data/idiom.json；依据原始释义和例句改编，非官方真题,curated,自动二审通过，待人工终审,自动二审仅覆盖字段、重复项和选项唯一性；请人工核对语义、例句和干扰项。,question-113
奉梓南归四载迟，______寄哀思。★柳亚子《中山先生奉安大典志哀》,白手起家,八音遏密,饱经风霜,鞭长莫及,B,释义：遏阻止；密寂静。各种乐器停止演奏，乐声寂静。旧指皇帝死后停乐举哀◇也用以形容国家元首之死。。原始资料成语：八音遏密。,基础,开源成语资料改编原创训练题,https://github.com/crazywhalecc/idiom-database/blob/master/data/idiom.json；依据原始释义和例句改编，非官方真题,curated,自动二审通过，待人工终审,自动二审仅覆盖字段、重复项和选项唯一性；请人工核对语义、例句和干扰项。,question-114
这事已______，请大家多提建议。,白首穷经,饱食暖衣,八字打开,变本加厉,C,释义：象八”字那样，撇、捺向两边分开。原意是放着正路不走，却走歪门邪道。也形容门路很宽。。原始资料成语：八字打开。,基础,开源成语资料改编原创训练题,https://github.com/crazywhalecc/idiom-database/blob/master/data/idiom.json；依据原始释义和例句改编，非官方真题,curated,自动二审通过，待人工终审,自动二审仅覆盖字段、重复项和选项唯一性；请人工核对语义、例句和干扰项。,question-115
他______地说不了几句。,白首同归,饱食终日,变化无常,巴巴结结,D,释义：①勉强，凑合。②勤恳；辛劳。③形容说话不流利。。原始资料成语：巴巴结结。,进阶,开源成语资料改编原创训练题,https://github.com/crazywhalecc/idiom-database/blob/master/data/idiom.json；依据原始释义和例句改编，非官方真题,curated,自动二审通过，待人工终审,自动二审仅覆盖字段、重复项和选项唯一性；请人工核对语义、例句和干扰项。,question-116
张寅道晚生末学，‘______’之词只好涂饰闾里，怎敢陈于老太师山斗之下。”★《平山冷燕》第十七回,巴人下里,白叟黄童,保残守缺,变生不测,A,释义：①即下里巴人。古代楚国流行的民间歌曲。用以称流俗的音乐。巴，古国名，在今四川东部一带，古为楚地。下里，乡里。②泛指粗俗的。。原始资料成语：巴人下里。,基础,开源成语资料改编原创训练题,https://github.com/crazywhalecc/idiom-database/blob/master/data/idiom.json；依据原始释义和例句改编，非官方真题,curated,自动二审通过，待人工终审,自动二审仅覆盖字段、重复项和选项唯一性；请人工核对语义、例句和干扰项。,question-117
这也是个好办法，而且简单易行，不过还不是______之计。★郭沫若《郑成功》第五章,白天见鬼,拔本塞源,报李投桃,便宜从事,B,释义：本根本，根源。拔起树根，塞住水源。比喻防患除害要从根本上打主意。。原始资料成语：拔本塞源。,基础,开源成语资料改编原创训练题,https://github.com/crazywhalecc/idiom-database/blob/master/data/idiom.json；依据原始释义和例句改编，非官方真题,curated,自动二审通过，待人工终审,自动二审仅覆盖字段、重复项和选项唯一性；请人工核对语义、例句和干扰项。,question-118
曾不能______，扬芳飞文，登天庭，序彝伦，扫六合之秽。★汉·蔡邕《释诲》,白头如新,抱布贸丝,拔萃出群,便宜施行,C,释义：拔超出。萃原谓草丛生的样子，引伸为聚集，指聚集在一处的人或物。超出一般，在众人之上。。原始资料成语：拔萃出群。,基础,开源成语资料改编原创训练题,https://github.com/crazywhalecc/idiom-database/blob/master/data/idiom.json；依据原始释义和例句改编，非官方真题,curated,自动二审通过，待人工终审,自动二审仅覆盖字段、重复项和选项唯一性；请人工核对语义、例句和干扰项。,question-119
那悬崖之上，一株株苍松翠柏______，傲然屹立。,白头偕老,抱残守缺,便宜行事,拔地倚天,D,释义：拔突出，耸出。倚倚傍，贴近。从地面突兀而起，贴近天际。比喻高大突出，气势雄伟。。原始资料成语：拔地倚天。,基础,开源成语资料改编原创训练题,https://github.com/crazywhalecc/idiom-database/blob/master/data/idiom.json；依据原始释义和例句改编，非官方真题,curated,自动二审通过，待人工终审,自动二审仅覆盖字段、重复项和选项唯一性；请人工核对语义、例句和干扰项。,question-120
少顷，以足床来，置地上，促客坐；又入，携短足几至，______，蹀躞甚劳。★清·蒲松龄《聊斋志异·阿纤》,拔来报往,白雪阳春,抱残守阙,辨物居方,A,释义：报通赴”，迅速≤快地来，很快地去。形容频繁地奔来奔去。。原始资料成语：拔来报往。,进阶,开源成语资料改编原创训练题,https://github.com/crazywhalecc/idiom-database/blob/master/data/idiom.json；依据原始释义和例句改编，非官方真题,curated,自动二审通过，待人工终审,自动二审仅覆盖字段、重复项和选项唯一性；请人工核对语义、例句和干扰项。,question-121
袁既病死，黎、段登台，______，弹冠相庆，徐遂入任为院秘书长。★蔡东藩、许廑父《民国通俗演义》第七十九回,白衣苍狗,拔茅连茹,抱成一团,辩才无碍,B,释义：茅白茅，一种多年生的草；茹植物根部互相牵连的样子。比喻互相推荐，用一个人就连带引进许多人。。原始资料成语：拔茅连茹。,基础,开源成语资料改编原创训练题,https://github.com/crazywhalecc/idiom-database/blob/master/data/idiom.json；依据原始释义和例句改编，非官方真题,curated,自动二审通过，待人工终审,自动二审仅覆盖字段、重复项和选项唯一性；请人工核对语义、例句和干扰项。,question-122
那种不顾学生能否接受的填鸭式的教学方法，无异于______。,白衣卿相,抱打不平,拔苗助长,标新立异,C,释义：比喻违反事物发展的客观规律，急于求成，反而坏事。。原始资料成语：拔苗助长。,基础,开源成语资料改编原创训练题,https://github.com/crazywhalecc/idiom-database/blob/master/data/idiom.json；依据原始释义和例句改编，非官方真题,curated,自动二审通过，待人工终审,自动二审仅覆盖字段、重复项和选项唯一性；请人工核对语义、例句和干扰项。,question-123
则______之雄，几乎其为若敖之鬼矣。★明·张岱《募造无主祠堂疏》,白云苍狗,抱负不凡,标新领异,拔山盖世,D,释义：盖世超越天下人，世上第一。力能拔掉大山，形容力大勇猛，当代无比。。原始资料成语：拔山盖世。,基础,开源成语资料改编原创训练题,https://github.com/crazywhalecc/idiom-database/blob/master/data/idiom.json；依据原始释义和例句改编，非官方真题,curated,自动二审通过，待人工终审,自动二审仅覆盖字段、重复项和选项唯一性；请人工核对语义、例句和干扰项。,question-124
汉祖入关破秦而楚后之______，力大过人。★宋·邵雍《皇极经世绪言》第二卷,拔山扛鼎,百般折磨,抱关击柝,标枝野鹿,A,释义：扛双手举起。拔起大山，举起重鼎。形容力气很大。。原始资料成语：拔山扛鼎。,基础,开源成语资料改编原创训练题,https://github.com/crazywhalecc/idiom-database/blob/master/data/idiom.json；依据原始释义和例句改编，非官方真题,curated,自动二审通过，待人工终审,自动二审仅覆盖字段、重复项和选项唯一性；请人工核对语义、例句和干扰项。,question-125
谓______而可得其半，故匿瑕含垢而求其长致。★宋陈师道《谢胡运使启》,百弊丛生,拔十得五,抱恨终天,表里如一,B,释义：拔盐，推荐。想盐十个，结果只选得五个。指盐人才不容易。。原始资料成语：拔十得五。,进阶,开源成语资料改编原创训练题,https://github.com/crazywhalecc/idiom-database/blob/master/data/idiom.json；依据原始释义和例句改编，非官方真题,curated,自动二审通过，待人工终审,自动二审仅覆盖字段、重复项和选项唯一性；请人工核对语义、例句和干扰项。,question-126
公风神英迈，意气倾倒，______之谈，登峰造极之理，萧然如晋、宋间人物。★宋·杨万里《石湖先生大资参政范公文集序》,百不失一,抱火厝薪,拔新领异,别出机杼,C,释义：拔抽出；新新意；领具有；异指独特之处。指创立新意，提出独特的见解。。原始资料成语：拔新领异。,基础,开源成语资料改编原创训练题,https://github.com/crazywhalecc/idiom-database/blob/master/data/idiom.json；依据原始释义和例句改编，非官方真题,curated,自动二审通过，待人工终审,自动二审仅覆盖字段、重复项和选项唯一性；请人工核对语义、例句和干扰项。,question-127
生曰得卿如此，吾何忧！顾念一人得道，______。余将远逝，一切付之于卿。”★清薄松龄《聊斋志异·白于玉》,百步穿杨,抱火卧薪,别出心裁,拔宅飞升,D,释义：拔拔起；宅住宅。古代传说修道的人全家同升仙界。参见拔宅上升”。。原始资料成语：拔宅飞升。,基础,开源成语资料改编原创训练题,https://github.com/crazywhalecc/idiom-database/blob/master/data/idiom.json；依据原始释义和例句改编，非官方真题,curated,自动二审通过，待人工终审,自动二审仅覆盖字段、重复项和选项唯一性；请人工核对语义、例句和干扰项。,question-128
秋先，汝功行圆满，吾已申奏上帝，有旨封汝为护花使者，专管人间百花。令汝______。★明·冯梦龙《醒世恒言》卷四,拔宅上升,百尺竿头,抱头鼠窜,别具肺肠,A,释义：拔拔起；宅住宅。古代传说修道的人全家同升仙界。。原始资料成语：拔宅上升。,基础,开源成语资料改编原创训练题,https://github.com/crazywhalecc/idiom-database/blob/master/data/idiom.json；依据原始释义和例句改编，非官方真题,curated,自动二审通过，待人工终审,自动二审仅覆盖字段、重复项和选项唯一性；请人工核对语义、例句和干扰项。,question-129
无事之时，望影藏匿，______，日不聊生。★清·纪昀《阅微草堂笔记·滦阳续录,百川赴海,跋前踬后,豹死留皮,别具慧眼,B,释义：跋踩；踬被绊倒。本指狼向前进就踩住了自己的颈肉，向后退又会被自己的尾巴绊倒。比喻进退两难。。原始资料成语：跋前踬后。,基础,开源成语资料改编原创训练题,https://github.com/crazywhalecc/idiom-database/blob/master/data/idiom.json；依据原始释义和例句改编，非官方真题,curated,自动二审通过，待人工终审,自动二审仅覆盖字段、重复项和选项唯一性；请人工核对语义、例句和干扰项。,question-130
同样的青春，同样的年龄，有人______，为改变祖国一穷二白的面貌而感到莫大的幸福。★魏巍《路标》,百读不厌,鲍鱼之肆,跋山涉水,别具匠心,C,释义：跋山翻过山岭；涉水用脚趟着水渡过大河。翻山越岭，趟水过河。形容走远路的艰苦。。原始资料成语：跋山涉水。,进阶,开源成语资料改编原创训练题,https://github.com/crazywhalecc/idiom-database/blob/master/data/idiom.json；依据原始释义和例句改编，非官方真题,curated,自动二审通过，待人工终审,自动二审仅覆盖字段、重复项和选项唯一性；请人工核对语义、例句和干扰项。,question-131
人人善念看经，个个______。★明·无名氏《万国来朝》第一折,百发百中,暴风骤雨,别具只眼,把素持斋,D,释义：把遵守。斋斋戒。指信佛者遵守吃素，坚持戒律。。原始资料成语：把素持斋。,基础,开源成语资料改编原创训练题,https://github.com/crazywhalecc/idiom-database/blob/master/data/idiom.json；依据原始释义和例句改编，非官方真题,curated,自动二审通过，待人工终审,自动二审仅覆盖字段、重复项和选项唯一性；请人工核对语义、例句和干扰项。,question-132
……只认朗诵词和诗。笔者却不能够赞成这______”的作风★朱自清《论朗诵诗》,罢黜百家,百废具举,暴虎冯河,别开生面,A,释义：罢黜废弃不用。原指排除诸子杂说，专门推行儒家学说。也比喻只要一种形式，不要其他形式。。原始资料成语：罢黜百家。,基础,开源成语资料改编原创训练题,https://github.com/crazywhalecc/idiom-database/blob/master/data/idiom.json；依据原始释义和例句改编，非官方真题,curated,自动二审通过，待人工终审,自动二审仅覆盖字段、重复项和选项唯一性；请人工核对语义、例句和干扰项。,question-133
不是有一出戏叫《______》吗？这些同志如果总是不改，难免有一天要别姬”就是了。★毛泽东《在扩大的中央工作会议上的讲话》,百废俱举,霸王别姬,暴戾恣睢,别来无恙,B,释义：姬指西楚霸王项羽的宠妾虞姬。形容英雄末路的悲壮情景。现多比喻独断专行，脱离群众，最终垮台。。原始资料成语：霸王别姬。,基础,开源成语资料改编原创训练题,https://github.com/crazywhalecc/idiom-database/blob/master/data/idiom.json；依据原始释义和例句改编，非官方真题,curated,自动二审通过，待人工终审,自动二审仅覆盖字段、重复项和选项唯一性；请人工核对语义、例句和干扰项。,question-134
风风雨雨又春穷，______已眼空。★宋·杨万里《又和风雨二首》,百废俱兴,暴腮龙门,白白朱朱,别无长物,C,释义：白的白，红的红。形容不同种类、色彩各异的花木。。原始资料成语：白白朱朱。,基础,开源成语资料改编原创训练题,https://github.com/crazywhalecc/idiom-database/blob/master/data/idiom.json；依据原始释义和例句改编，非官方真题,curated,自动二审通过，待人工终审,自动二审仅覆盖字段、重复项和选项唯一性；请人工核对语义、例句和干扰项。,question-135
为臣子莫贵忠和孝，继美于今有凤毛，______何足较。★《群音类选》,百感交集,暴殄天物,别有洞天,白璧青蝇,D,释义：白璧洁白的玉，比喻清白的人。青蝇比喻佞人。比喻善恶忠佞。。原始资料成语：白璧青蝇。,进阶,开源成语资料改编原创训练题,https://github.com/crazywhalecc/idiom-database/blob/master/data/idiom.json；依据原始释义和例句改编，非官方真题,curated,自动二审通过，待人工终审,自动二审仅覆盖字段、重复项和选项唯一性；请人工核对语义、例句和干扰项。,question-136
明珠暗投反按剑，______还遭刖。★明·何景明《田子行》,白璧三献,百花齐放,暴跳如雷,别有肺肠,A,释义：楚人和氏得玉璞，两献楚王，两遭刖足。第三次王使治璞，得白玉，琢以为璧，世称和氏璧”。比喻不识良材或怀才不遇。。原始资料成语：白璧三献。,基础,开源成语资料改编原创训练题,https://github.com/crazywhalecc/idiom-database/blob/master/data/idiom.json；依据原始释义和例句改编，非官方真题,curated,自动二审通过，待人工终审,自动二审仅覆盖字段、重复项和选项唯一性；请人工核对语义、例句和干扰项。,question-137
智者千虑，必有一失，然而这小毛病只是______而已。,百喙莫辩,白璧微瑕,暴衣露盖,别有风味,B,释义：洁白的玉上有些羞点。比喻很好的人或物有些小缺点，美中不足。。原始资料成语：白璧微瑕。,基础,开源成语资料改编原创训练题,https://github.com/crazywhalecc/idiom-database/blob/master/data/idiom.json；依据原始释义和例句改编，非官方真题,curated,自动二审通过，待人工终审,自动二审仅覆盖字段、重复项和选项唯一性；请人工核对语义、例句和干扰项。,question-138
虽以小姐______，何畏乎青蝇，然青蝇日集亦可憎恨耳。★明·名教中人《好俅传》第七回,百喙难辞,暴衣露冠,白璧无瑕,别有天地,C,释义：洁白的美玉上面没有一点羞。比喻人或事物完美无缺。。原始资料成语：白璧无瑕。,基础,开源成语资料改编原创训练题,https://github.com/crazywhalecc/idiom-database/blob/master/data/idiom.json；依据原始释义和例句改编，非官方真题,curated,自动二审通过，待人工终审,自动二审仅覆盖字段、重复项和选项唯一性；请人工核对语义、例句和干扰项。,question-139
牧羊驱马虽戎服，______尽汉臣。★唐·杜牧《河湟》诗,百家争鸣,暴躁如雷,宾至如归,白发丹心,D,释义：丹心赤诚之心。形容年迈苍老，仍然怀有一颗赤诚之心。。原始资料成语：白发丹心。,基础,开源成语资料改编原创训练题,https://github.com/crazywhalecc/idiom-database/blob/master/data/idiom.json；依据原始释义和例句改编，非官方真题,curated,自动二审通过，待人工终审,自动二审仅覆盖字段、重复项和选项唯一性；请人工核对语义、例句和干扰项。,question-140
凡此诸人，今皆安往？我虽独存，______。★宋·刘克庄《后村全集·祭林寒斋文》第一百三十八卷,白发千丈,百孔千疮,卑辞重币,彬彬有礼,A,释义：形容头发既白且长，表示人因愁思过重而容颜衰老。。原始资料成语：白发千丈。,进阶,开源成语资料改编原创训练题,https://github.com/crazywhalecc/idiom-database/blob/master/data/idiom.json；依据原始释义和例句改编，非官方真题,curated,自动二审通过，待人工终审,自动二审仅覆盖字段、重复项和选项唯一性；请人工核对语义、例句和干扰项。,question-141
也不过______，并非晚节不终。★鲁迅《且介亭杂文末编·关于太炎先生二三事》,百口莫辩,白圭之玷,卑宫菲食,鬓乱钗横,B,释义：白玉圭上的一个斑点。比喻人或物大体很好，只是有些小缺点。。原始资料成语：白圭之玷。,基础,开源成语资料改编原创训练题,https://github.com/crazywhalecc/idiom-database/blob/master/data/idiom.json；依据原始释义和例句改编，非官方真题,curated,自动二审通过，待人工终审,自动二审仅覆盖字段、重复项和选项唯一性；请人工核对语义、例句和干扰项。,question-142
且休说______，青龙藏池。★元·王实甫《丽春堂》第二折,百了千当,卑躬屈节,白虹贯日,冰寒于水,C,释义：白色的长虹穿日而过。古人认为人间有不平凡的事，就会引起这种天象的变化。实际上这不是虹而是晕，是一种大气光学现象。。原始资料成语：白虹贯日。,基础,开源成语资料改编原创训练题,https://github.com/crazywhalecc/idiom-database/blob/master/data/idiom.json；依据原始释义和例句改编，非官方真题,curated,自动二审通过，待人工终审,自动二审仅覆盖字段、重复项和选项唯一性；请人工核对语义、例句和干扰项。,question-143
______，日月穿梭，才见梅开腊底，又早天气回阳。★明·兰陵笑笑生《金瓶梅词话》第二回,百里挑一,卑躬屈膝,冰壶秋月,白驹过隙,D,释义：白驹白色骏马，比喻太阳；隙缝隙。象凶马在细小的缝隙前跑过一样。形容时间过得极快。。原始资料成语：白驹过隙。,基础,开源成语资料改编原创训练题,https://github.com/crazywhalecc/idiom-database/blob/master/data/idiom.json；依据原始释义和例句改编，非官方真题,curated,自动二审通过，待人工终审,自动二审仅覆盖字段、重复项和选项唯一性；请人工核对语义、例句和干扰项。,question-144
相公______，隐姓潜名。倘或途中小辈不识高低，有毁相公者，何以处之？★明·冯梦龙《警世通言》卷四,白龙鱼服,百炼成刚,卑礼厚币,冰魂雪魄,A,释义：鱼服穿起鱼的外衣。白龙化为鱼在渊中游。比喻帝王或大官吏隐藏身分，改装出行。。原始资料成语：白龙鱼服。,基础,开源成语资料改编原创训练题,https://github.com/crazywhalecc/idiom-database/blob/master/data/idiom.json；依据原始释义和例句改编，非官方真题,curated,自动二审通过，待人工终审,自动二审仅覆盖字段、重复项和选项唯一性；请人工核对语义、例句和干扰项。,question-145
雪儿呵，偏则把______奚落。★明·汤显祖《牡丹亭》第二十二出,百年大计,白面书生,杯弓蛇影,冰肌玉骨,B,释义：指缺乏阅历经验的读书人。也指面孔白净的读书人。。原始资料成语：白面书生。,进阶,开源成语资料改编原创训练题,https://github.com/crazywhalecc/idiom-database/blob/master/data/idiom.json；依据原始释义和例句改编，非官方真题,curated,自动二审通过，待人工终审,自动二审仅覆盖字段、重复项和选项唯一性；请人工核对语义、例句和干扰项。,question-146
左壁挂‘黄鹤楼______’，右壁悬‘洞庭湖三番渡过’。★明·兰陵笑笑生《金瓶梅词话》第三九回,百年树人,杯盘狼藉,白日飞升,冰清玉洁,C,释义：犹白日升天。道教谓人修炼得道后，白昼飞升天界成仙◇喻指一朝显贵。。原始资料成语：白日飞升。,基础,开源成语资料改编原创训练题,https://github.com/crazywhalecc/idiom-database/blob/master/data/idiom.json；依据原始释义和例句改编，非官方真题,curated,自动二审通过，待人工终审,自动二审仅覆盖字段、重复项和选项唯一性；请人工核对语义、例句和干扰项。,question-147
八戒道哥啊，我们连日造化低了。这两日______！那个化风去的老儿是谁？”★明·吴承恩《西游记》第二十一回,百鸟朝凤,杯盘狼籍,冰清玉润,白日见鬼,D,释义：大白天看见鬼。指工部四曹无事可做，非常清闲◇泛指事情离奇古怪或无中生有。。原始资料成语：白日见鬼。,基础,开源成语资料改编原创训练题,https://github.com/crazywhalecc/idiom-database/blob/master/data/idiom.json；依据原始释义和例句改编，非官方真题,curated,自动二审通过，待人工终审,自动二审仅覆盖字段、重复项和选项唯一性；请人工核对语义、例句和干扰项。,question-148
遂去，悉度其妻妾，于是金氏门中两代______。”★鲁迅《中国文学史略》第二十六篇,白日升天,百身何赎,杯水车薪,冰山易倒,A,释义：原是道教指白昼升天成为神仙◇比喻一下子富贵起来。。原始资料成语：白日升天。,基础,开源成语资料改编原创训练题,https://github.com/crazywhalecc/idiom-database/blob/master/data/idiom.json；依据原始释义和例句改编，非官方真题,curated,自动二审通过，待人工终审,自动二审仅覆盖字段、重复项和选项唯一性；请人工核对语义、例句和干扰项。,question-149
鲁迅先生对于白色恐怖毫不畏惧，一直把密信和文稿珍藏着，最恰当的成语是______。,百身莫赎,白色恐怖,杯中蛇影,冰消瓦解,B,释义：白惨白。指反动派残酷镇压人民的恐怖气氛。。原始资料成语：白色恐怖。,基础,开源成语资料改编原创训练题,https://github.com/crazywhalecc/idiom-database/blob/master/data/idiom.json；依据原始释义和例句改编，非官方真题,curated,自动二审通过，待人工终审,自动二审仅覆盖字段、重复项和选项唯一性；请人工核对语义、例句和干扰项。,question-150
你看，他发了多少财，______，靠的是谁？如今也忘了水源头了，墙上的草，两边倒着呢。★丁玲《太阳照在桑干河上》,百世之师,悲不自胜,白手起家,兵不血刃,C,释义：白手空手；起家创建家业。形容在没有基础和条件很差的情况下自力更生，艰苦创业。。原始资料成语：白手起家。,进阶,开源成语资料改编原创训练题,https://github.com/crazywhalecc/idiom-database/blob/master/data/idiom.json；依据原始释义和例句改编，非官方真题,curated,自动二审通过，待人工终审,自动二审仅覆盖字段、重复项和选项唯一性；请人工核对语义、例句和干扰项。,question-151
兹予绩服之初，日思讲议之益，谓______之乐，尚可推以与人。★宋·苏辙《范镇可侍读太一宫使告词》,百兽率舞,悲欢离合,兵不厌诈,白首穷经,D,释义：直至年纪老了还在钻研经籍，犹言活到老，学到老。。原始资料成语：白首穷经。,基础,开源成语资料改编原创训练题,https://github.com/crazywhalecc/idiom-database/blob/master/data/idiom.json；依据原始释义和例句改编，非官方真题,curated,自动二审通过，待人工终审,自动二审仅覆盖字段、重复项和选项唯一性；请人工核对语义、例句和干扰项。,question-152
当君______日，是我青山独往时。★唐·白居易《九年十一月十一日感事而作》诗,白首同归,百岁千秋,悲天悯人,兵车之会,A,释义：归归向、归宿。一直到头发白了，志趣依然相投。形容友谊长久，始终不渝◇用以表示都是老人而同时去世。。原始资料成语：白首同归。,基础,开源成语资料改编原创训练题,https://github.com/crazywhalecc/idiom-database/blob/master/data/idiom.json；依据原始释义和例句改编，非官方真题,curated,自动二审通过，待人工终审,自动二审仅覆盖字段、重复项和选项唯一性；请人工核对语义、例句和干扰项。,question-153
城乡内外，红男绿女，______，联袂往观者，何止千万人！★清·壮者《扫迷帚》第九回,百无禁忌,白叟黄童,北门锁钥,兵出无名,B,释义：白头发的老人和黄头发的孩子。泛指老老少少。。原始资料成语：白叟黄童。,基础,开源成语资料改编原创训练题,https://github.com/crazywhalecc/idiom-database/blob/master/data/idiom.json；依据原始释义和例句改编，非官方真题,curated,自动二审通过，待人工终审,自动二审仅覆盖字段、重复项和选项唯一性；请人工核对语义、例句和干扰项。,question-154
周炳一面说‘我的时运太低，______！’说罢回身想走。★欧阳山《苦斗》十二,百无聊赖,北辕适楚,白天见鬼,兵戈扰攘,C,释义：比喻虚妄荒诞，不可能出现的事。同白日见鬼”。。原始资料成语：白天见鬼。,基础,开源成语资料改编原创训练题,https://github.com/crazywhalecc/idiom-database/blob/master/data/idiom.json；依据原始释义和例句改编，非官方真题,curated,自动二审通过，待人工终审,自动二审仅覆盖字段、重复项和选项唯一性；请人工核对语义、例句和干扰项。,question-155
而八年之间，语言不接，吉凶不相问吊，反有______之嫌。★宋·陈亮《与应仲书》,百无是处,北辙南辕,兵荒马乱,白头如新,D,释义：白头头发白了；新新交。指交朋友彼此不能了解，时间虽久，仍跟刚认识一样。。原始资料成语：白头如新。,进阶,开源成语资料改编原创训练题,https://github.com/crazywhalecc/idiom-database/blob/master/data/idiom.json；依据原始释义和例句改编，非官方真题,curated,自动二审通过，待人工终审,自动二审仅覆盖字段、重复项和选项唯一性；请人工核对语义、例句和干扰项。,question-156
我原说过，她不会跟你______的。★巴金《寒夜》,白头偕老,百无一是,背碑覆局,兵精粮足,A,释义：白头头发白；偕共同。夫妻相亲相爱，一直到老。。原始资料成语：白头偕老。,基础,开源成语资料改编原创训练题,https://github.com/crazywhalecc/idiom-database/blob/master/data/idiom.json；依据原始释义和例句改编，非官方真题,curated,自动二审通过，待人工终审,自动二审仅覆盖字段、重复项和选项唯一性；请人工核对语义、例句和干扰项。,question-157
高山流水千年调，______万古情。★崔时佩《西厢记·琴心写恨》,百依百从,白雪阳春,背城借一,兵连祸结,B,释义：原指战国时代楚国的一种较高级的歌曲。比喻高深的不通俗的文学艺术。。原始资料成语：白雪阳春。,基础,开源成语资料改编原创训练题,https://github.com/crazywhalecc/idiom-database/blob/master/data/idiom.json；依据原始释义和例句改编，非官方真题,curated,自动二审通过，待人工终审,自动二审仅覆盖字段、重复项和选项唯一性；请人工核对语义、例句和干扰项。,question-158
正是______多翻覆，沧海桑田几变更。★明·张景《飞丸记·梨园鼓吹》,百依百顺,背城一战,白衣苍狗,兵临城下,C,释义：苍灰白色。浮云象白衣裳，顷刻又变得象苍狗。比喻事物变化不定。。原始资料成语：白衣苍狗。,基础,开源成语资料改编原创训练题,https://github.com/crazywhalecc/idiom-database/blob/master/data/idiom.json；依据原始释义和例句改编，非官方真题,curated,自动二审通过，待人工终审,自动二审仅覆盖字段、重复项和选项唯一性；请人工核对语义、例句和干扰项。,question-159
小生不才杀者波，也是国家______。★元·吴昌龄《张天师》第二折,百战不殆,背道而驰,兵强马壮,白衣卿相,D,释义：古时指进士。唐代人极看重进士，宰相多由进士出身，故推重进士为白衣卿相，是说虽是白衣之士，但享有卿相的资望。。原始资料成语：白衣卿相。,基础,开源成语资料改编原创训练题,https://github.com/crazywhalecc/idiom-database/blob/master/data/idiom.json；依据原始释义和例句改编，非官方真题,curated,自动二审通过，待人工终审,自动二审仅覆盖字段、重复项和选项唯一性；请人工核对语义、例句和干扰项。,question-160
真是世事______，不禁感慨系之矣！★鲁迅《华盖集后记》,白云苍狗,百折不回,背井离乡,掤扒吊拷,A,释义：苍灰白色。浮云象白衣裳，顷刻又变得象苍狗。比喻事物变化不定。。原始资料成语：白云苍狗。,进阶,开源成语资料改编原创训练题,https://github.com/crazywhalecc/idiom-database/blob/master/data/idiom.json；依据原始释义和例句改编，非官方真题,curated,自动二审通过，待人工终审,自动二审仅覆盖字段、重复项和选项唯一性；请人工核对语义、例句和干扰项。,question-161
她任凭酷刑______，紧咬着牙关，始终坚贞不屈。★《言行和心理》,百折不挠,百般折磨,背水一战,并驾齐驱,B,释义：用各种方式使人在肉体上、精神上遭受痛苦。。原始资料成语：百般折磨。,基础,开源成语资料改编原创训练题,https://github.com/crazywhalecc/idiom-database/blob/master/data/idiom.json；依据原始释义和例句改编，非官方真题,curated,自动二审通过，待人工终审,自动二审仅覆盖字段、重复项和选项唯一性；请人工核对语义、例句和干扰项。,question-162
今以十当一，是反以四钱八分铜作一钱二分用也。民间私閒改铸，______。★柯劭忞《清史稿·袁希祖传》,百折不屈,背信弃义,百弊丛生,并日而食,C,释义：百形容多；弊弊端，害处。各种弊害都产生出来了。。原始资料成语：百弊丛生。,基础,开源成语资料改编原创训练题,https://github.com/crazywhalecc/idiom-database/blob/master/data/idiom.json；依据原始释义和例句改编，非官方真题,curated,自动二审通过，待人工终审,自动二审仅覆盖字段、重复项和选项唯一性；请人工核对语义、例句和干扰项。,question-163
他把算子一动，便晓得这人姓名，穷通寿夭，______。★明·凌濛初《初刻拍案惊奇》卷七,败不旋踵,倍道兼行,病从口入,百不失一,D,释义：一百次中无一次失误。表示射箭或打枪命中率高，或做事有充分把握。。原始资料成语：百不失一。,基础,开源成语资料改编原创训练题,https://github.com/crazywhalecc/idiom-database/blob/master/data/idiom.json；依据原始释义和例句改编，非官方真题,curated,自动二审通过，待人工终审,自动二审仅覆盖字段、重复项和选项唯一性；请人工核对语义、例句和干扰项。,question-164
（关羽）带箭回寨，方知黄忠有百步穿杨之能。★明·罗贯中《三国演义》第五十三回，最恰当的成语是______。,百步穿杨,稗官野史,悖入悖出,病民蛊国,A,释义：在一百步远以外射中杨柳的叶子。形容箭法或枪法十分高明。。原始资料成语：百步穿杨。,基础,开源成语资料改编原创训练题,https://github.com/crazywhalecc/idiom-database/blob/master/data/idiom.json；依据原始释义和例句改编，非官方真题,curated,自动二审通过，待人工终审,自动二审仅覆盖字段、重复项和选项唯一性；请人工核对语义、例句和干扰项。,question-165
功名______，自古及今，有几个干休。★元·张养浩《折桂令》曲,班班可考,百尺竿头,被发文身,病入膏肓,B,释义：桅杆或杂技长竿的顶端。比喻极高的官位和功名，或学问、事业有很高的成就。。原始资料成语：百尺竿头。,进阶,开源成语资料改编原创训练题,https://github.com/crazywhalecc/idiom-database/blob/master/data/idiom.json；依据原始释义和例句改编，非官方真题,curated,自动二审通过，待人工终审,自动二审仅覆盖字段、重复项和选项唯一性；请人工核对语义、例句和干扰项。,question-166
许多文士在饱经战乱之苦后，如______，相继奔往邺城，归附到曹氏（曹操）周围。★《建安文学》,班荆道故,被发缨冠,百川赴海,病在膏肓,C,释义：百表示多。川江河。所有江河都流归大海。比喻众望所归或大势所趋。也比喻许多事物由分散而汇集到一处。。原始资料成语：百川赴海。,基础,开源成语资料改编原创训练题,https://github.com/crazywhalecc/idiom-database/blob/master/data/idiom.json；依据原始释义和例句改编，非官方真题,curated,自动二审通过，待人工终审,自动二审仅覆盖字段、重复项和选项唯一性；请人工核对语义、例句和干扰项。,question-167
为什么一些作品有人______”，另一些却有人不想读第二遍呢？★朱自清《论百读不厌》,班荆道旧,被发左衽,拨乱反正,百读不厌,D,释义：厌厌烦，厌倦。读一百遍也不会感到厌烦。形容诗文或书籍写得非趁，不论读多少遍也不感到厌倦。。原始资料成语：百读不厌。,基础,开源成语资料改编原创训练题,https://github.com/crazywhalecc/idiom-database/blob/master/data/idiom.json；依据原始释义和例句改编，非官方真题,curated,自动二审通过，待人工终审,自动二审仅覆盖字段、重复项和选项唯一性；请人工核对语义、例句和干扰项。,question-168
回见子牙，叩头在地丞相妙计，______。”★明·许仲琳《封神演义》第三十六回,百发百中,班马文章,被褐怀玉,拨乱反治,A,释义：形容射箭或打枪准确，每次都命中目标。也比喻做事有充分把握。。原始资料成语：百发百中。,基础,开源成语资料改编原创训练题,https://github.com/crazywhalecc/idiom-database/blob/master/data/idiom.json；依据原始释义和例句改编，非官方真题,curated,自动二审通过，待人工终审,自动二审仅覆盖字段、重复项和选项唯一性；请人工核对语义、例句和干扰项。,question-169
其有能如水野越前、井伊直弼之鞠躬尽瘁______者乎？★梁启超《敬告当道者》,班门弄斧,百废具举,被褐怀珠,拨云睹日,B,释义：指许多被废置的事业都等着兴办。同百废俱举”。。原始资料成语：百废具举。,基础,开源成语资料改编原创训练题,https://github.com/crazywhalecc/idiom-database/blob/master/data/idiom.json；依据原始释义和例句改编，非官方真题,curated,自动二审通过，待人工终审,自动二审仅覆盖字段、重复项和选项唯一性；请人工核对语义、例句和干扰项。,question-170
‘______’的平均主义思想，以及与此相关联着的不合边区实际的‘正规化’思想，成了贯彻精简政策与集中力量于两大任务的绊脚石。★《解放日报》1942.12.23,班师回朝,被坚执锐,百废俱举,拨云见日,C,释义：指一切废置的事都兴办起来。同百废俱兴”。。原始资料成语：百废俱举。,进阶,开源成语资料改编原创训练题,https://github.com/crazywhalecc/idiom-database/blob/master/data/idiom.json；依据原始释义和例句改编，非官方真题,curated,自动二审通过，待人工终审,自动二审仅覆盖字段、重复项和选项唯一性；请人工核对语义、例句和干扰项。,question-171
四川屡经兵燹，廷相莅任，______，民不知扰。★《清史稿·郎廷佐传》,班衣戏彩,奔轶绝尘,波谲云诡,百废俱兴,D,释义：俱全，都。许多已经荒废了的事情一下子都兴办起来。。原始资料成语：百废俱兴。,基础,开源成语资料改编原创训练题,https://github.com/crazywhalecc/idiom-database/blob/master/data/idiom.json；依据原始释义和例句改编，非官方真题,curated,自动二审通过，待人工终审,自动二审仅覆盖字段、重复项和选项唯一性；请人工核对语义、例句和干扰项。,question-172
我是上一个世纪出生的人，能参加这样的盛会，______，思绪万千。★郭沫若《科学的春天》,百感交集,斑驳陆离,奔走呼号,波澜老成,A,释义：感感想；交同时发生。各种感触交织在一起。形容感触很多，心情复杂。。原始资料成语：百感交集。,基础,开源成语资料改编原创训练题,https://github.com/crazywhalecc/idiom-database/blob/master/data/idiom.json；依据原始释义和例句改编，非官方真题,curated,自动二审通过，待人工终审,自动二审仅覆盖字段、重复项和选项唯一性；请人工核对语义、例句和干扰项。,question-173
美术展览会上展出了许多新作品，______，各具风格。,斑衣戏彩,百花齐放,本来面目,波澜壮阔,B,释义：形容百花盛开，丰富多彩。比喻各种不同形式和风格的艺术自由发展。也形容艺术界的繁荣景象。。原始资料成语：百花齐放。,基础,开源成语资料改编原创训练题,https://github.com/crazywhalecc/idiom-database/blob/master/data/idiom.json；依据原始释义和例句改编，非官方真题,curated,自动二审通过，待人工终审,自动二审仅覆盖字段、重复项和选项唯一性；请人工核对语义、例句和干扰项。,question-174
素臣一段议论，如老吏断狱，使刘邦______。★清·夏敬渠《野叟曝言》第七十一回,搬弄是非,本末倒置,百喙莫辩,剥床及肤,C,释义：喙嘴，借指人的嘴。指纵有众多的嘴也不能辩解。同百口莫辩”。。原始资料成语：百喙莫辩。,基础,开源成语资料改编原创训练题,https://github.com/crazywhalecc/idiom-database/blob/master/data/idiom.json；依据原始释义和例句改编，非官方真题,curated,自动二审通过，待人工终审,自动二审仅覆盖字段、重复项和选项唯一性；请人工核对语义、例句和干扰项。,question-175
刘棻等已被扳入，______，遂都连坐罔上不道的罪名，谳成死罪。★蔡东藩《后汉演义》第一回,板上钉钉,笨鸟先飞,剥肤椎髓,百喙难辞,D,释义：喙嘴，借指人的嘴。指纵有众多百口也很难解释。。原始资料成语：百喙难辞。,进阶,开源成语资料改编原创训练题,https://github.com/crazywhalecc/idiom-database/blob/master/data/idiom.json；依据原始释义和例句改编，非官方真题,curated,自动二审通过，待人工终审,自动二审仅覆盖字段、重复项和选项唯一性；请人工核对语义、例句和干扰项。,question-176
自春秋末年以来，中国的思想得到一个极大的开放，呈现出一个______的局面。★郭沫若《吕不韦与秦王政的批判》,百家争鸣,版筑饭牛,绷扒吊拷,播穅眯目,A,释义：指各种学术流派的自由争论互相批评。也指不同意见的争论。百家，这种观点的人或各种学术派别。鸣，发表见解。。原始资料成语：百家争鸣。,基础,开源成语资料改编原创训练题,https://github.com/crazywhalecc/idiom-database/blob/master/data/idiom.json；依据原始释义和例句改编，非官方真题,curated,自动二审通过，待人工终审,自动二审仅覆盖字段、重复项和选项唯一性；请人工核对语义、例句和干扰项。,question-177
他身上的缺点虽然不少，但却不是______，不可救药。,半壁江山,百孔千疮,逼上梁山,伯仲之间,B,释义：比喻毛病很多，问题严重，已经到了难以收拾的地步。。原始资料成语：百孔千疮。,基础,开源成语资料改编原创训练题,https://github.com/crazywhalecc/idiom-database/blob/master/data/idiom.json；依据原始释义和例句改编，非官方真题,curated,自动二审通过，待人工终审,自动二审仅覆盖字段、重复项和选项唯一性；请人工核对语义、例句和干扰项。,question-178
玉林和忠和醒悟了，一打便是祸事，若是李三顺身上有了伤，便______，官司”非输不可。★高阳《清宫外史》上册,半部论语,鼻青眼肿,百口莫辩,勃然变色,C,释义：莫不能；辩辩白。即使有一百张嘴也辩白不清。形容不管怎样辩白也说不清楚。。原始资料成语：百口莫辩。,基础,开源成语资料改编原创训练题,https://github.com/crazywhalecc/idiom-database/blob/master/data/idiom.json；依据原始释义和例句改编，非官方真题,curated,自动二审通过，待人工终审,自动二审仅覆盖字段、重复项和选项唯一性；请人工核对语义、例句和干扰项。,question-179
不如屏净尘缘，竖起脊梁骨，著些精彩，究教七川八穴，______，向水边林下，长养圣胎，亦不枉受人天供养。★宋·释惟白《续传灯录》,半筹不纳,匕鬯不惊,博采众长,百了千当,D,释义：了了结；当妥当；百、千指一切事。比喻事事妥贴，有着落。。原始资料成语：百了千当。,基础,开源成语资料改编原创训练题,https://github.com/crazywhalecc/idiom-database/blob/master/data/idiom.json；依据原始释义和例句改编，非官方真题,curated,自动二审通过，待人工终审,自动二审仅覆盖字段、重复项和选项唯一性；请人工核对语义、例句和干扰项。,question-180
对报名参军的人挑选很严格，可以说是______。,百里挑一,半筹莫展,比比皆是,博古通今,A,释义：一百个当中就挑出这一个来。形容人才出众。。原始资料成语：百里挑一。,进阶,开源成语资料改编原创训练题,https://github.com/crazywhalecc/idiom-database/blob/master/data/idiom.json；依据原始释义和例句改编，非官方真题,curated,自动二审通过，待人工终审,自动二审仅覆盖字段、重复项和选项唯一性；请人工核对语义、例句和干扰项。,question-181
有人身经百战，______，炉火纯青，喜于心而不形于色。★徐迟《火中凤凰·凤翔》,半间半界,百炼成刚,比户可封,博硕肥腯,B,释义：刚通钢。铁经过反复锤炼便成为坚韧的钢。比喻人经过多次磨炼而成为有用之才。。原始资料成语：百炼成刚。,基础,开源成语资料改编原创训练题,https://github.com/crazywhalecc/idiom-database/blob/master/data/idiom.json；依据原始释义和例句改编，非官方真题,curated,自动二审通过，待人工终审,自动二审仅覆盖字段、重复项和选项唯一性；请人工核对语义、例句和干扰项。,question-182
______，教育为本。,半截入土,比肩而立,百年大计,博文约礼,C,释义：大计长远的重要的计划。指关系到长远利益的计划或措施。。原始资料成语：百年大计。,基础,开源成语资料改编原创训练题,https://github.com/crazywhalecc/idiom-database/blob/master/data/idiom.json；依据原始释义和例句改编，非官方真题,curated,自动二审通过，待人工终审,自动二审仅覆盖字段、重复项和选项唯一性；请人工核对语义、例句和干扰项。,question-183
古人都知道______的道理，我们更应该把培养人才这件大事抓好。,半斤八两,比肩继踵,博闻多识,百年树人,D,释义：树种植，栽培。比喻培养人才是长期而艰巨的事。。原始资料成语：百年树人。,基础,开源成语资料改编原创训练题,https://github.com/crazywhalecc/idiom-database/blob/master/data/idiom.json；依据原始释义和例句改编，非官方真题,curated,自动二审通过，待人工终审,自动二审仅覆盖字段、重复项和选项唯一性；请人工核对语义、例句和干扰项。,question-184
那些玉斝中的长春露酒也都由站在身边侍候的宫女接过去倾入一只绘着______的大瓷缸中。★姚雪垠《李自成》第二卷第三十一章,百鸟朝凤,半路出家,比权量力,补苴罅漏,A,释义：朝朝见；凤凤凰，古代传说中的鸟王。旧时喻指君主圣明而天下依附，后也比喻德高望重者众望所归。。原始资料成语：百鸟朝凤。,基础,开源成语资料改编原创训练题,https://github.com/crazywhalecc/idiom-database/blob/master/data/idiom.json；依据原始释义和例句改编，非官方真题,curated,自动二审通过，待人工终审,自动二审仅覆盖字段、重复项和选项唯一性；请人工核对语义、例句和干扰项。,question-185
一见无期，______。★南朝·梁·刘令娴《祭夫徐敬业文》,半路修行,百身何赎,比屋而封,补牢顾犬,B,释义：百身自身死一百次；赎抵。拿一百个我，也无法把你换回来了。表示极沉痛地悼念。。原始资料成语：百身何赎。,进阶,开源成语资料改编原创训练题,https://github.com/crazywhalecc/idiom-database/blob/master/data/idiom.json；依据原始释义和例句改编，非官方真题,curated,自动二审通过，待人工终审,自动二审仅覆盖字段、重复项和选项唯一性；请人工核对语义、例句和干扰项。,question-186
旷官之罪，职______矣。★明·袁宏道《去吴七牍·乞改稿一》,半身不遂,比屋可封,百身莫赎,补偏救弊,C,释义：百身自身死一百次；赎抵。拿一百个我，也无法把你换回来了。表示极沉痛地悼念。。原始资料成语：百身莫赎。,基础,开源成语资料改编原创训练题,https://github.com/crazywhalecc/idiom-database/blob/master/data/idiom.json；依据原始释义和例句改编，非官方真题,curated,自动二审通过，待人工终审,自动二审仅覆盖字段、重复项和选项唯一性；请人工核对语义、例句和干扰项。,question-187
卓为______；杰作雄辞，散落四夷之远。★宋·陆游《贺薛安抚兼制置启》,半生不熟,比翼连枝,补阙拾遗,百世之师,D,释义：世世代代的老师，指才德高尚而永远可为人师表的人。。原始资料成语：百世之师。,基础,开源成语资料改编原创训练题,https://github.com/crazywhalecc/idiom-database/blob/master/data/idiom.json；依据原始释义和例句改编，非官方真题,curated,自动二审通过，待人工终审,自动二审仅覆盖字段、重复项和选项唯一性；请人工核对语义、例句和干扰项。,question-188
大礼告成，伺候各官，循例三呼，国乐以外，杂以军乐，仿佛有凤凰来仪，______景象。★蔡东藩、许廑父《民国通俗演义》第三四回,百兽率舞,半死半生,比翼齐飞,补天浴日,A,释义：各种野兽，相率起舞。旧指帝王修德，时代清平。。原始资料成语：百兽率舞。,基础,开源成语资料改编原创训练题,https://github.com/crazywhalecc/idiom-database/blob/master/data/idiom.json；依据原始释义和例句改编，非官方真题,curated,自动二审通过，待人工终审,自动二审仅覆盖字段、重复项和选项唯一性；请人工核对语义、例句和干扰项。,question-189
明·康海《王兰卿》第三折便活到百岁千秋索一死，则不如另寻个身计。”，最恰当的成语是______。,半死不活,百岁千秋,比翼双飞,哺糟歠醨,B,释义：一百年，一千载。形容岁月漫长，历时很久。。原始资料成语：百岁千秋。,基础,开源成语资料改编原创训练题,https://github.com/crazywhalecc/idiom-database/blob/master/data/idiom.json；依据原始释义和例句改编，非官方真题,curated,自动二审通过，待人工终审,自动二审仅覆盖字段、重复项和选项唯一性；请人工核对语义、例句和干扰项。,question-190
则知太公封神，古有此说。今人于门户每书姜太公在此，______，亦非无所本矣。★鲁迅《小说旧闻钞·封神传衍义》,半途而废,彼此彼此,百无禁忌,捕风捉影,C,释义：百所有的，不论什么；禁忌忌讳。什么都不忌讳。。原始资料成语：百无禁忌。,进阶,开源成语资料改编原创训练题,https://github.com/crazywhalecc/idiom-database/blob/master/data/idiom.json；依据原始释义和例句改编，非官方真题,curated,自动二审通过，待人工终审,自动二审仅覆盖字段、重复项和选项唯一性；请人工核对语义、例句和干扰项。,question-191
在______中，随手抓过一本书来，科学也好，文学也好，横竖什么都一样。★鲁迅《彷徨·伤逝》,半推半就,彼竭我盈,捕影系风,百无聊赖,D,释义：聊赖依赖。精神上无所寄托，感到什么都没意思。。原始资料成语：百无聊赖。,基础,开源成语资料改编原创训练题,https://github.com/crazywhalecc/idiom-database/blob/master/data/idiom.json；依据原始释义和例句改编，非官方真题,curated,自动二审通过，待人工终审,自动二审仅覆盖字段、重复项和选项唯一性；请人工核对语义、例句和干扰项。,question-192
每日价茶不茶，饭不饭，______。★元·王氏《粉蝶儿·寄情人》套曲,百无是处,半信半疑,笔伐口诛,不按君臣,A,释义：犹言一无是处。形容全都是错的，没有一点对的地方。。原始资料成语：百无是处。,基础,开源成语资料改编原创训练题,https://github.com/crazywhalecc/idiom-database/blob/master/data/idiom.json；依据原始释义和例句改编，非官方真题,curated,自动二审通过，待人工终审,自动二审仅覆盖字段、重复项和选项唯一性；请人工核对语义、例句和干扰项。,question-193
此人做事百无一是，如若重用应当三思而后行，最恰当的成语是______。,半夜三更,百无一是,笔墨官司,不卑不亢,B,释义：干一百件事，也没有做对一件。形容全都做错了，一无是处。。原始资料成语：百无一是。,基础,开源成语资料改编原创训练题,https://github.com/crazywhalecc/idiom-database/blob/master/data/idiom.json；依据原始释义和例句改编，非官方真题,curated,自动二审通过，待人工终审,自动二审仅覆盖字段、重复项和选项唯一性；请人工核对语义、例句和干扰项。,question-194
对孩子______是不行的。,半疑半信,笔扫千军,百依百从,不避斧钺,C,释义：百比喻很多；依顺从；从跟从。什么都依从。形容一味顺从。。原始资料成语：百依百从。,基础,开源成语资料改编原创训练题,https://github.com/crazywhalecc/idiom-database/blob/master/data/idiom.json；依据原始释义和例句改编，非官方真题,curated,自动二审通过，待人工终审,自动二审仅覆盖字段、重复项和选项唯一性；请人工核对语义、例句和干扰项。,question-195
这安公子是那女孩儿一般______的人。★清·文康《儿女英雄传》第三回,蚌鹬相持,币重言甘,不辨菽麦,百依百顺,D,释义：依、顺顺从。什么都依从。形容一切都顺从别人。。原始资料成语：百依百顺。,进阶,开源成语资料改编原创训练题,https://github.com/crazywhalecc/idiom-database/blob/master/data/idiom.json；依据原始释义和例句改编，非官方真题,curated,自动二审通过，待人工终审,自动二审仅覆盖字段、重复项和选项唯一性；请人工核对语义、例句和干扰项。,question-196
自古名将料敌制胜，训练士兵，故可使赴汤蹈火，______。★《金史·刘炳传》,百战不殆,傍人门户,必不得已,不测之祸,A,释义：经历许多次战役，都没有遭到危险。形容善于用兵。。原始资料成语：百战不殆。,基础,开源成语资料改编原创训练题,https://github.com/crazywhalecc/idiom-database/blob/master/data/idiom.json；依据原始释义和例句改编，非官方真题,curated,自动二审通过，待人工终审,自动二审仅覆盖字段、重复项和选项唯一性；请人工核对语义、例句和干扰项。,question-197
耿耿自始，______。★清·姚莹《复杨君论诗文书》,傍若无人,百折不回,必也正名,不臣之心,B,释义：折挫折。比喻意志坚强，无论受到多少次挫折，毫不动摇退缩。。原始资料成语：百折不回。,基础,开源成语资料改编原创训练题,https://github.com/crazywhalecc/idiom-database/blob/master/data/idiom.json；依据原始释义和例句改编，非官方真题,curated,自动二审通过，待人工终审,自动二审仅覆盖字段、重复项和选项唯一性；请人工核对语义、例句和干扰项。,question-198
汉阳民军总司令黄兴，系湖南长沙县人，向来主张革命，屡仆屡起，______。★蔡东藩、许廑父《民国通俗演义》第三回,棒打鸳鸯,必由之路,百折不挠,不成体统,C,释义：折挫折；挠弯曲。比喻意志坚强，无论受到多少次挫折，毫不动摇退缩。。原始资料成语：百折不挠。,基础,开源成语资料改编原创训练题,https://github.com/crazywhalecc/idiom-database/blob/master/data/idiom.json；依据原始释义和例句改编，非官方真题,curated,自动二审通过，待人工终审,自动二审仅覆盖字段、重复项和选项唯一性；请人工核对语义、例句和干扰项。,question-199
要像总理那样……奋不顾身，______。★郭小川《痛悼敬爱的周总理》诗,包办代替,毕雨箕风,不逞之徒,百折不屈,D,释义：受到无数挫折都不屈服、动摇。形容意志坚强。。原始资料成语：百折不屈。,基础,开源成语资料改编原创训练题,https://github.com/crazywhalecc/idiom-database/blob/master/data/idiom.json；依据原始释义和例句改编，非官方真题,curated,自动二审通过，待人工终审,自动二审仅覆盖字段、重复项和选项唯一性；请人工核对语义、例句和干扰项。,question-200
